Stromanbieter,Adresse,PLZ,Stadt,URL,Kontakt     (nur relevante Anbieter),RoWo-Kriterien,A,B,C,D,R,X,Eigene Kraftwerke/Anteile an Kraftwerken,Zertifizierung? (ein oder mehrer Tarife),Stromkennzeichung fehlt,Bemerkung
123energie - eine Marke der Pfalzwerke AG,Kurfürstenstraße 29,67061,Ludwigshafen,https://www.123energie.de,,A,,,X,,,,,OKPower,,
17er Oberlandenergie GmbH,Viehmarktplatz 1,82418,Murnau am Staffelsee,https://17er.com,,D,,,,,,,,,,
24/7 Energie und Kommunikation GmbH,Meeboldstraße 1,89522,Heidenheim,https://www.stadtwerke-heidenheim.de,,A,x,Stadtwerke,,,,,,,x,
Abita Energie Otterberg GmbH,Bismarckstrasse 14,67655,Kaiserslautern,https://www.abita-energie.de,,A,,Gehört zu den Stadtwerke Kaiserslautern- vertreibt Energiemix mit Kohe- und Atomstrom (https://www.swk-kl.de/de/geschaeftskunden/produkte-leistungen/strom/energietraegermix.html),,,,,,,,
AggerEnergie GmbH,Alexander-Fleming-Str. 2,51643,Gummersbach,https://www.aggerenergie.de,,A,,,,,,,,,,
Ahrtal-Werke GmbH,Hauptstraße 116,53474,Bad Neuenahr-Ahrweiler,https://ahrtal-werke.de,,A,x,?,,,,,,,x,
Albstadtwerke GmbH,Goethestraße 91,72461,Albstadt,https://www.albstadtwerke.de,,A,,,,,,,,,,
Albwerk GmbH & Co. KG,Eybstr. 98-100,73312,Geislingen an der Steige,https://www.albwerk.de,,A,,,,,,,,,,
Allgäuer Kraftwerke GmbH,Am Alten Bahnhof 10,87527,Sonthofen,https://www.allgaeukraft.de,,A,,,,,,,,,,
Allgäuer Überlandwerk GmbH,Illerstraße 18,87435,Kempten,https://www.auew.de,,A,,,,,,,,,,
Ammer-Loisach Energie GmbH,Schnitzlergasse 5,82487,Oberammergau,https://www.ammer-loisach-energie.de/,,A,,,,,,,,,,
Aschaffenburger Versorgungs-GmbH,Werkstraße 2,63739,Aschaffenburg,https://www.stwab.de,,A,,,,,,,,,,
AVU Aktiengesellschaft für Versorgungs-Unternehmen,An der Drehbank 18,58285,Gevelsberg,https://www.avu.de,,A,,,,,,,,,,
Bad Lauterberg Energie GmbH,Bahnhofstraße 17-19,37431,Bad Lauterberg im Harz,https://www.badlauterberg-energie.de,,A,,,,,,,,,,
badenova AG & Co. KG,Tullastraße 61,79108,Freiburg,https://www.badenova.de,,A,,,,,,,,,,
BayWa Ökoenergie GmbH,Arabellastraße 4,81925,München,https://www.baywa-oekoenergie.de,,X,,,,,,,,,,
"BELKAW Bergische Licht-, Kraft- und Wasserwerke GmbH",Hermann-Löns-Str. 131-133,51469,Bergisch-Gladbach,https://www.belkaw.de,,A,,,,,,,,,,
BeSte Stadtwerke GmbH,Im Altenhagen 1,32839,Steinheim,https://www.beste-stadtwerke.de,,A,,,,,,,,,,
BEW Bergische Energie- und Wasser-GmbH,Sonnenweg 30,51688,Wipperfürth,https://www.bergische-energie.de,,A,,,,,,,,,,
BIGGE ENERGIE GmbH & Co. KG,In der Stesse 14,57439,Attendorn,https://www.bigge-energie.de,,A,,,,,,,,,,
BVB Bllomberg,Nederlandstraße 15,32825,Blomberg,https://www.bvb-blomberg.de/,,A,,,,,,,,,,
Bocholter Energie- und Wasserversorgung GmbH,Kaiser-Wilhelm-Straße 1,46395,Bocholt,https://www.bew-bocholt.de,,A,,,,,,,,,,
Braunschweiger Versorgungs-AG & Co. KG,Taubenstraße 7,38106,Braunschweig,https://www.bs-energy.de,,A,,,,,,,,,,
Dessauer Stromversorgung GmbH,Albrechtstraße 48,06844,Dessau,https://www.dvv-dessau.de,,A,,,,,,,,,,
die energievorsorger GmbH,Höhenweg 14,49170,Hagen a.T.W.,https://www.dvv-dessau.de,,A,,,,,,,,,,
DREWAG - Stadtwerke Dresden GmbH,Friedrich-List-Platz 2,01069,Dresden,https://www.drewag.de,,A,,,,,,,,,,
E WIE EINFACH GmbH,Salierring 47-53,50677,Köln,https://www.e-wie-einfach.de,,A,,,,,,,,,,
E.ON Energie Deutschland GmbH,Arnulfstraße 203,80634,München,https://www.eon.de,,A,,,,,,,,,,
e.wa riss GmbH & Co KG,Freiburger Straße 6,88400,Biberach,https://www.ewa-riss.de,,A,,,,,,,,,,
EAM Energie GmbH,Monteverdistraße 2,34131,Kassel,https://www.eam.de,,R?,,,?,,,,,,,
EGT Energievertrieb GmbH,Schonacher Str. 2,78098,Triberg,https://www.egt.de,,A,,,,,,,,,,
Eichsfelder Energie- und Wasserversorgungsgesellschaft mbH,Am Euzenberg 32,37115,Duderstadt,https://www.ewb-duderstadt.de,,A,,,,,,,,,,
eins energie in sachsen GmbH & Co. KG,Augustusburger Straße 1,09111,Chemnitz,https://www.eins.de,,A,,,,,,,,,,
Elektra-Genossenschaft Effeltrich eG,Hauptstr. 1,91090,Effeltrich,https://elektra-effeltrich.de/,,A,,,,,,,,,,
Elektrizitäts- und Wasserversorgungsgenossenschaft Vagen eG,Lindenstraße 14,83620,Feldkirchen-Westerham,https://www.ewg-vagen.de/,,A,,,,,,,,,,
Elektrizitätsgenossenschaft Engelsberg e.G.,Osnabrücker Straße 31a,49219,Glandorf,https://www.eg-engelsberg.de,,A,,,,,,,,,,
Elektrizitätsgenossenschaft Karlstein eG,Weitwiesenring 6,83435,Bad Reichenhall,https://www.eg-karlstein.de,,R?,,,?,,,,,,,
Elektrizitätsgenossenschaft Ohlstadt eG,Schwaigweg 7,82441,Ohlstadt,http://ego-ohlstadt.de,,A,,,,,,,,,,
Elektrizitätsgenossenschaft Rettenberg eG,Burgberger Str. 24,87549,Rettenberg,http://www.eg-rettenberg.de,,B,,"Netzbetreiber, Strom der Kooperation AllgäuStrom",,,,,,,,
Elektrizitäts-Genossenschaft Tacherting-Feichten e.G.,Stefan-Flötzl-Str. 4,83342,Tacherting,https://egtf.de,,A,,,,,,,,,,
Elektrizitäts-Genossenschaft Vogling & Angrenzer eG,Höpfling 2,83313,Siegsdorf,https://www.eva-siegsdorf.de,,A,,,,,,,,,,
Elektrizitäts-Genossenschaft Wolkersdorf und Umgebung eG,Schmidhamer Str. 26,83278,Traunstein-Wolkersdorf,https://www.eg-wolkersdorf.de/,,A,,,,,,,,,,
Elektrizitätsvereinigung Böbing eG,Riedelweg 2,82389,Böbing,https://ev-boebing.de,,A,,,,,,,,,,
Elektrizitätsversorgung (EVU) der Gemeinde Gochsheim,Am Plan 4-6,97469,Gochsheim,https://evu.gochsheim.de,,A,,,,,,,,,,
Elektrizitätswerk des Kantons Schaffhausen AG,Rheinstr. 37,CH-8200 ,Schaffhausen,https://www.eks.ch,,A,,,,,,,,,,
Elektrizitätswerk Gemeinde Glattbach,Im Wiesengrund 3,63864,Glattbach,https://www.glattbach.de,,A,,,,,,,,,,
Elektrizitätswerk Hammermühle Versorgungsgesellschaft mbH,Im Geisenborn 4,56242,Selters,https://www.ewh.de,,A,,,,,,,,,,
Elektrizitätswerk Hindelang eG,Weidachstrasse 9,87541,Bad Hindelang,https://www.ewhindelang.de,,A,,,,,,,,,,
Elektrizitätswerk Karl Stengle GmbH & Co KG,Niedere-Au-Straße 11,72108,Rottenburg a. N.,https://www.e-werk-stengle.de,,R,,,?,,,,x,,,
Elektrizitäts-Werk Mainbernheim GmbH,Am Wehrbach 1,97350,Mainbernheim,http://www.ewerk-mainbernheim.de,,R?,,,?,,,,,RenewablePlus,,
Elektrizitätswerk Oberwössen eG,Dorfstraße 28,83246,Oberwössen,https://www.ew-oberwoessen.de/,,?,,Internetseite funktioniert nicht,,,,,,,,
Elektrizitäts-Werk Ottersberg,Grüne Straße 24,28870,Ottersberg,https://www.ewerk-ottersberg.de,,?,,x,,,,,,,x,
Elektrizitätswerk Rieger GmbH & Co. KG,Friedrichstrasse 16,72805,Lichtenstein,https://www.ewr-rieger.de,,R?,,,?,,,,x,x,,
Elektrizitätswerk Tegernsee Vertriebs- und Service-KG,Hochfeldstraße 3,83684,Tegernsee,https://ewerk-tegernsee.de,,A,,,,,,,,,,
Elektrizitätswerk Wanfried von Scharfenberg KG,Unter der Tränke 1,37281,Wanfried,https://www.ewwanfried.de,,A,,,,,,,,,,
Elektrizitätswerke Reutte GmbH & Co KG,Lechhalde 1 1/2,87629,Füssen,https://www.ewr-energie.com,,R?,,Erdgas Unternehmen,?,,,,x,x,,
Elektrizitätswerke Schönau Vertriebs GmbH,Friedrichstraße 53/55,79677,Schönau/Schw.,https://www.ews-schoenau.de/,,X,,,,,,,,,,
EMB - Energieversorgung Miltenberg-Bürgstadt GmbH & Co. KG,Luitpoldstraße 17,63897,Miltenberg,https://we-are-energy.de,,A,,,,,,,,,,
EMB Energie Mark Brandenburg GmbH,Großbeerenstraße 181 - 18,14482,Potsdam,https://www.emb-gmbh.de,,A,,,,,,,,,,
Emscher Lippe Energie GmbH,Ebertstr.30,45879,Gelsenkirchen,https://www.ele.de,,A,,,,,,,,,x,
EnBW Energie Baden-Württemberg AG,Durlacher Allee 93,76131,Karlsruhe,https://www.enbw.com,,A,,,,,,,,,,
EnBW Ostwürttemberg DonauRies Aktiengesellschaft ODR,Unterer Brühl 2,73479,Ellwangen,https://www.enbw.com,,A,,,,,,,,,,
enercity AG,Ihmeplatz 2,30449,Hannover,https://www.enercity.de,,A,,,,,,,,,,
Energie Rhein-Sieg GmbH,Südstraße 27,53757,Sankt Augustin,https://www.energie-rhein-sieg.de/,,B,,Tochter Unternehmen stadtwerke-hall.de,,,x,,,,,
Energie Südbayern GmbH,Ungsteiner Straße 31,81539,München,https://www.esb.de,,A,,,,,,,,,,
Energie und Versorgung Butzbach GmbH,Himmrichsweg 2,35510,Butzbach,https://www.evb-butzbach.de,,A,,,,,,,,,,
Energie und Wasser Potsdam GmbH,Steinstr. 101,14480,Potsdam,https://www.swp-potsdam.de,,A,,,,,,,,,,
Energie und Wasser Wahlstedt/Bad Segeberg GmbH & Co KG,Am Wasserwerk 5,23795,Bad Segeberg,https://www.ew-segeberg.de/,,R?,,,?,,,,,KlimaINVEST,,
Energie- und Wasserversorgung Altenburg GmbH,Franz-Mehring-Straße 6,04600,Altenburg,https://www.ewa-altenburg.de,,A,,,,,,,,,,
Energie- und Wasserversorgung Bitz GmbH,Goethestraße 91,72461,Albstadt,https://www.ew-bitz.de,,A,,,,,,,,,,
Energie- und Wasserversorgung Bruchsal GmbH,,76646,Bruchsal,https://www.stadtwerke-bruchsal.de,,A,,,,,,,,,,
Energie- und Wasserversorgung Bünde GmbH,Osnabrücker Str. 205,32257,Bünde,https://www.ewb.aov.de,,A,,,,,,,,,,
Energie- und Wasserversorgung Kirchzarten GmbH,Hauptstrasse 24,79199,Kirchzarten,https://www.ewk-gmbh.de/ewk,,R,,,,,,,,TÜV Nord,,
Energie- und Wasserversorgung Rheine GmbH,Hafenbahn 10,48431,Rheine,https://www.stadtwerke-rheine.de,,A,,,,,,,,,,
Energie- und Wasserwerke Bautzen GmbH,Schäfferstraße 44,02625,Bautzen,https://www.ewbautzen.de,,A,,,,,,,,,,
Energie Vorpommern GmbH,Wiesenweg 6,17449,Trassenheide,https://www.energie-vorpommern.de,,A,,,,,,,,,,
Energie Waldeck-Frankenberg GmbH,Arolser Landstr. 27,34497,Korbach,https://www.ewf.de,,A,,,,,,,,,,
Energiedienst AG,Schönenbergerstr. 10,79618,Rheinfelden,https://www.naturenergie.de,,A,,,,,,,,,,
Energiegenossenschaft für Wittmund eG,Aseler-Str. 10,26409,Wittmund,https://www.eg-wittmund.de,,A,,,,,,,,,,
Energie-Gesellschaft Unterkirnach mbH,Hauptstraße 5,78089,Unterkirnach,https://www.egu-strom.de,,A,,,,,,,,,,
energieGUT GmbH,Bungertstr. 27,47053,Duisburg,https://www.energiegut.de,,A,,,,,,,,,,
energiehoch3 GmbH,Ostring 28,44787,Bochum,https://www.energiehoch3.de,,A,,,,,,,,,,
EnergieSüdwest Aktiengesellschaft,Industriestr. 18,76829,Landau,https://energie-suedwest.de,,B,,51 % Anteil Enovos Deutschland SE,,,,,,,,
Energieversorgung Bad Bentheim GmbH & Co. KG,Schloßstraße 2a,48455,Bad Bentheim,https://www.bentheim-energie.de,,A,,,,,,,,,,
Energieversorgung Bad Boll GmbH,Eybstraße 98 - 102,73312,Geislingen,https://www.energie-bollwerk.de,,A,,,,,,,,,x,
Energieversorgung Buching-Trauchgau GmbH,Lechbrucker Str. 4,87642,Halblech,https://www.ebt-halblech.de,,?,x,,,,,,,,,
Energieversorgung Dahlenburg-Bleckede AG,Lüneburger Straße 21,21368,Dahlenburg,https://www.evdbag.de,,A,,,,,,,,,,
Energieversorgung Filstal GmbH & Co. KG,Großeislinger Str. 30,73033,Göppingen,https://www.evf.de,,A,,,,,,,,,,
Energieversorgung Gaildorf OHG,Burg 2,74405,Gaildorf - Unterrot,https://www.ev-gaildorf.de,,A,,,,,,,,,,
Energieversorgung Gera GmbH,De-Smit-Straße 18,07545,Gera,https://www.energieversorgung-gera.de,,A,,,,,,,,,,
Energieversorgung Greiz GmbH,Mollbergstraße 20,07973,Greiz,https://www.evgreiz.de,,A,,,,,,,,,,
Energieversorgung Lenningen GmbH,Eybstraße 98 - 102,73252,Lenningen,https://www.ev-lenningen.de,,A,,,,,,,,,,
Energieversorgung Leverkusen GmbH & Co. KG,Overfeldweg 23,51371,Leverkusen,https://www.evl-gmbh.de,,A,,,,,,,,,,
Energieversorgung Limburg GmbH,Ste.-Foy-Straße 36,65549,Limburg an der Lahn,https://www.evl.de,,A,,,,,,,,,,
Energieversorgung Lohr-Karlstadt und Umgebung GmbH,Zum Helfenstein 4 - 6,97753,Karlstadt,https://www.die-energie.de,,A,,,,,,,,,,
Energieversorgung Mainhardt Wüstenrot GmbH & Co. KG,Hauptstraße 1,74535,Mainhardt,http://www.emw-energie.de,,?,,Beteiligung der Stadtwerke Schwäbisch Hall -bietet nicht nur ökostrom an,,,x,,,,,
Energieversorgung Main-Spessart GmbH,Boschweg 9,63741,Aschaffenburg,https://www.energieversorgung-mainspessart.de,,A,,,,,,,,,,
Energieversorgung Mittelrhein AG,Ludwig-Erhard-Str. 8,56073,Koblenz,https://www.energieversorgung-mainspessart.de,,A,,,,,,,,,,
Energieversorgung Münchberg-Schwarzenbach/Saale GmbH & Co.KG,Mühlgasse 5,95213,Münchberg,https://www.stadtwerke-muenchberg.de,,A,,,,,,,,,,
Energieversorgung Nordhausen GmbH,Straße der Genossenschaften 93,99734,Nordhausen,https://www.energie-nordhausen.de/,,A,,,,,,,,,,
Energieversorgung Oberes Wiesental GmbH,Meinrad-Thoma-Straße 8a,79674,Todtnau,https://www.eow-todtnau.de/,,A,,Beteiligung badenova mit 24 % (Vertreibt auch normal-Strom),,,x,,,,,
Energieversorgung Oberhausen AG,Danziger Straße 31,46045,Oberhausen,https://www.evo-energie.de,,A,,,,,,,,,,
Energieversorgung Oberstdorf GmbH,Nebelhornstraße 51-53,87561,Oberstdorf,http://www.gemeindewerke-oberstdorf.de,,A,,,,,,,,,,
Energieversorgung Offenbach AG,Andréstraße 71,63067,Offenbach,https://www.evo-ag.de,,A,,,,,,,,,,
Energieversorgung Oy-Kressen e.G.,Sonnenmulde 1,87466,Oy-Mittelberg,http://evok-oy.de/wordpress/,,A,,,,,,,,,,
Energieversorgung Rudolstadt GmbH,Oststraße 18,07407,Rudolstadt,https://www.ev-rudolstadt.de,,A,,,,,,,,,,
Energieversorgung Rüsselsheim GmbH,Walter-Flex-Straße 74,65428,Rüsselsheim,https://www.stadtwerke-ruesselsheim.de,,A,,,,,,,,,,
Energieversorgung Schmid,Mühlenstraße 44,83417,Kirchanschöring,http://www.evuschmid.de,,?,,,,,,,,,x,
Energieversorgung Sehnde GmbH,Nordstraße 19,31319,Sehnde,https://www.energieversorgung-sehnde.de,,A,,,,,,,,,,
Energieversorgung Südbaar GmbH & Co.KG,Leo-Wohleb-Str. 3,78176,Blumberg,https://www.esb-energie.de,,A,,,,,,,,,,
Energieversorgung Sylt GmbH,Friesische Str. 53,25980,Westerland,https://www.energieversorgung-sylt.de,,R?,,Beteiligung: KOM9 und Thüga Erneuerbare Energien,?,,,,,TÜV Nord,,
Energieversorgung Titisee-Neustadt GmbH,Gutachstr. 13,79822,Titisee-Neustadt,https://www.ev-tn.de,,R?,,Strom auch von Energiedienst / Naturenergie ,?,,,,,TÜV Nord,,
Energieversorgung Trossingen GmbH,Bahnhofstraße 9,78647,Trossingen,http://www.swtro.de,,R,,Partner Energiedienst / Naturenergie ,,,,,,TÜV Nord,,
energieversprechen.de - eine Marke der Stadtwerke Troisdorf,Poststr. 105,53840,Troisdorf,https://www.energieversprechen.de,,R?,,,?,,,,,RenewablePLUS,,
Energiewerk Meckenheim,Hauptstr. 58,67149,Meckenheim,http://www.ewerk-meckenheim-pfalz.de,,A,,,,,,,,,,
Energiewerke Isernhagen GmbH,Bothfelder Straße 31,30916,Isernhagen,https://www.ewi-isernhagen.de,,A,,,,,,,,,,
Energiewerke Zeulenroda GmbH,Lohweg 8,07937,Zeulenroda,https://www.energiewerke-zeulenroda-triebes.de/,,A,,,,,,,,,,
enewa GmbH Energie + Wasser Wachtberg,Am Wachtbergring 2a,53343,Wachtberg,https://www.enewa.de,,R,,"STAWAG, Stadtwerke Aachen AG",,,,,,OKPower,,
ENNI Energie & Umwelt Niederrhein GmbH,Uerdinger Straße 31,47441,Moers,https://www.enni.de,,A,,,,,,,,,,
enQu GmbH,Speckenbeker Weg 130,24113,Kiel,https://www.enqu.de,,A,,,,,,,,,,
ENRW Energieversorgung Rottweil GmbH & Co. KG,In der Au 5,78628,Rottweil,https://www.enrw.de,,A,,,,,,,,,,
ENSO Energie Sachsen Ost AG,Friedrich-List-Platz 2,01069,Dresden,https://enso.de,,A,,,,,,,,,,
ENTEGA Energie GmbH,Frankfurter Str. 100,64293,Darmstadt,https://www.entega.de,,A,,,,,,,,,,
envia Mitteldeutsche Energie AG,Chemnitztalstraße 13,09114,Chemnitz,https://www.enviam.de,,A,,,,,,,,,,
enwag energie- und wassergesellschaft mbH,Hermannsteiner Straße 1,35576,Wetzlar,https://www.enwag.de,,A,,,,,,,,,,
enwor - energie & wasser vor ort GmbH,Kaiserstraße 86,52134,Herzogenrath,https://www.enwor.de,,A,,,,,,,,,,
eprimo GmbH,Flughafenstrasse 20,63263,Neu-Isenburg,https://www.eprimo.de/,,A,,,,,,,,,,
e-regio GmbH & Co. KG,Rheinbacher Weg 10,53881,Euskirchen,https://www.e-regio.de,,R?,,"Anteilseigner: rhenag Rheinische Energie AG, Köln",?,,,,,TÜV,,
Erhard Bürk-Kauffmann GmbH,Neuffenstraße 27-29,78056,Villingen-Schwenningen,https://www.buerk-kauffmann.de,,?,x,,,,,,,,?,
Erlanger Stadtwerke AG,Äußere Bruckstr. 33,91052,Erlangen,https://www.estw.de,,A,,,,,,,,,,
ESWE Versorgungs AG,Konradinerallee 25,65189,Wiesbaden,https://www.eswe-versorgung.de,,A,,,,,,,,,,
evd energieversorgung Dormagen GmbH,Mathias-Giesen-Straße 13,41540,Dormagen,https://www.evd-dormagen.de,,A,,,,,,,,,,
EVH GmbH,Bornknechtstr. 5,06108,Halle,https://evh.de,,A,,,,,,,,,,
EWE VERTRIEB GmbH,Cloppenburger Str. 310,26133,Oldenburg,https://www.ewe.de,,A,,,,,,,,,,
e-werk Sachsenwald GmbH,Hermann-Körner-Straße 61,21465,Reinbek,http://www.ewerk-sachsenwald.de,,A,,,,,,,,,,
"E-Werk Satrup, Heinrich N. Clausen GmbH & Co.KG",Mühlenstraße 11,24986,Satrup,http://e-werk.heinrich-n-clausen.de,,A,,,,,,,,,,
E-Werke Haniel Haimhausen OHG,Dachauer Straße 4 a,85778,Haimhausen,https://www.oekostrom-bayern.de/,,R?,,,?,,,,,KlimaINVEST,,
EWG Elektrizitätsversorgung Werther GmbH,Alte Bielefelder Straße 28,33824,Werther,https://www.ewg-werther.de,,A,,,,,,,,,,
EWR GmbH - Energie und Wasser für Remscheid,Neuenkamper Straße 81-87,42855,Remscheid,https://www.ewr-remscheid.de,,A,,,,,,,,,,
ew-schmid gmbh,Untere Ringstr. 28,94437,Mamming,https://ew-schmid.de,,A,,,,,,,,,,
EWV Energie- und Wasser-Versorgung GmbH Stolberg,Willy-Brandt-Platz 2,52222,Stolberg,https://www.ewv.de,,A,,,,,,,,,,
EZV Energie- und Service GmbH & Co. KG Untermain,Landstraße 47,63939,Wörth a. Main,http://ezv-energie.de,,R?,"1,4% Kohle-Kernenergie ",,?,,,,x,,,
FairEnergie GmbH,Hauffstraße 89,72762,Reutlingen,https://www.fairenergie.de,,A,,,,,,,,,,
Feuchter Gemeindewerke GmbH,Unterer Zeidlerweg 1,90537,Feucht,https://www.feucht-gw.de,,A,,,,,,,,,,
Filderstadtwerke,Brühlstraße 41,70794,Filderstadt-Sielmingen,https://www.filderstadtwerke.de,,R,,,,,,,,KlimaINVEST,,
Fischereihafen-Betriebsgesellschaft mbH,Lengstraße 1,27572,Bremerhaven,https://www.fbg-bremerhaven.de,,A,,,,,,,,,,
Freiberger Stromversorgung GmbH,Poststraße 5,09599,Freiberg,https://www.stadtwerke-freiberg.de/,,A,,,,,,,,,,
Freisinger Stadtwerke Versorgungs-GmbH,Wippenhauser Str. 19,85354,Freising,https://www.freisinger-stadtwerke.de,,R?,,,,,,,,TÜV Süd,,
FREITALER STROM+GAS GMBH,Potschappler Straße 2,01705,Freital/Sachsen,https://www.fsg-freital.de,,A,,,,,,,,,,
Gas- und Wasserversorgung Höxter GmbH,Corveyer Allee 21,37671,Höxter,https://www.gwh-hoexter.de,,R?,,,,,,,,,,
GASPAR - eine Marke der rhenag Rheinische Energie AG,Bayenthalgürtel 9,50968,Köln,https://gaspar-energie.de,,?,,Marke der rhenag AG,?,,,,,,,
Gebrüder Eirich GmbH & Co KG Elektrizitätswerk,Walldürner Str. 50,74736,Hardheim,https://www.gebruedereirich.de,,R?,,,?,,,,,,,
Gebrüder Heinzelmann Elektrizitätswerk GmbH & Co. KG,Halmeil 3,77709,Wolfach-Halbmeil,https://www.gebr-heinzelmann.com,,R,,regional erzeugter Strom,,,,,,,,
Gemeinde Heroldsbach Stromversorgung,Hauptstraße 9,91336,Heroldsbach,https://www.heroldsbach.de,,A,?,,?,,,,,,,
Gemeindewerk Hördt,Am Deutschordensplatz 1,76761,Rülzheim,https://www.heroldsbach.de,,A,,,,,,,,,,
Gemeindewerke Ammerbuch GmbH,Kirchstraße 6,72119,Ammerbuch,https://www.gemeindewerke-ammerbuch.de,,A,,,,,,,,,,
Gemeindewerke Bad Sassendorf GmbH & Co. KG,Eichendorffstraße 1,59505,Bad Sassendorf,https://www.gw-bad-sassendorf.de,,A,,,,,,,,,,
Gemeindewerke Baiersbronn,Oberdorfstr. 46,72270,Baiersbronn,https://gemeindewerke-baiersbronn.de,,A,,,,,,,,,,
Gemeindewerke Bobenheim-Roxheim,Rathausplatz,67240,Bobenheim-Roxheim,https://www.stw-frankenthal.de,,?,,,,,,,,,x,
Gemeindewerke Budenheim AöR,Untere Stefanstr. 65,55257,Budenheim,https://www.gemeindewerke-budenheim.de,,A,,,,,,,,,,
Gemeindewerke Frammersbach,Marktplatz 3 (Rathaus),97833,Frammersbach,https://www.frammersbach.de,,A,,,,,,,,,,
Gemeindewerke Garmisch-Partenkirchen,Adlerstraße 25,82467,Garmisch-Partenkirchen,https://www.gw-gap.de,,A,,,,,,,,,,
Gemeindewerke Georgensgmünd,Bahnhofstrasse 4,91166,Georgensgmünd,https://www.gemeindewerke-georgensgmuend.de,,A,,,,,,,,,,
Gemeindewerke Großkrotzenburg GmbH,Anne-Frank-Platz 10,63538,Großkrotzenburg,https://www.gemeindewerke-grosskrotzenburg.de,,A,,,,,,,,,,
Gemeindewerke Gundelfingen GmbH,Alte Bundesstr. 31,79194,Gundelfingen,https://www.gwg-gundelfingen.de,,R,?,30 % gehören badenova (verkaufen auch normalstrom),,,,,,,,
Gemeindewerke Halstenbek,Ostereschweg 9,25469,Halstenbek,https://www.gwhalstenbek.de,,A,,,,,,,,,,
Gemeindewerke Hardt,Mariazeller Str. 1,78739,Hardt,https://www.hardt-online.de,,A,,,,,,,,,,
Gemeindewerke Haßloch GmbH,Gottlieb-Duttenhöfer-Straße 27,67454,Haßloch,https://www.gwhassloch.de,,A,,,,,,,,,,
Gemeindewerke Heikendorf GmbH,Wasserwaage 1,24226,Heikendorf,https://www.gwh.sh,,R?,,,,,,,,,,
Gemeindewerke Hermaringen,Karlstr. 12,89568,Hermaringen,https://gemeindewerke-hermaringen.de,,R?,,,,,,,,KlimaINVEST,,
Gemeindewerke Herxheim,Am Rathaus 6,76863,Herxheim,https://www.gemeindewerke-herxheim.de,,A,,,x,,,,,TÜV Nord,,
Gemeindewerke Hohenwestedt GmbH,Am Gaswerk 8,24594,Hohenwestedt,https://www.gemeindewerke-hohenwestedt.de,,A,,,,,,,,,,
Gemeindewerke Holzkirchen GmbH,Industriestraße 8,83607,Holzkirchen,https://www.gw-holzkirchen.de,,A,,,,,,,,,,
Gemeindewerke Hünxe GmbH,In der Beckkuhl 4,46569,Hünxe,https://www.gemeindewerke-huenxe.de,,R?,,,,,,,,,,
Gemeindewerke Kiefersfelden,Kufsteiner Straße 17,83088,Kiefersfelden,https://www.gemeindewerke-kiefersfelden.de,,R?,,,?,,,,x,x,,
Gemeindewerke Krickenbach c/o Stadtwerke Kaiserslautern Versorgungs-AG,Burgstraße 11,67659,Kaiserslautern,https://www.swk-kl.de,,A,,,,,,,,,,
Gemeindewerke Leck GmbH,Büllsbüller Chaussee 7,25917,Leck,https://www.sw-nf.de,,A,,,,,,,,,,
Gemeindewerke Markt Lichtenau,Ansbacher Straße 11,91586,Lichtenau,https://gemeindewerke.markt-lichtenau.de,,R?,,Gesellschafter und Mitglied der Kooperationsgesellschaft fränkischer Elektrizitätswerke mbH,?,,,,,RenewablePLUS,,
Gemeindewerke Neuendettelsau,Johann-Flierl-Str. 19,91564,Neuendettelsau,https://www.gw-neuendettelsau.de,,A,,,,,,,,,,
Gemeindewerke Niefern-Öschelbronn,Friedenstraße 11,75223,Niefern-Öschelbronn,https://www.niefern-oeschelbronn.de,,A,,,,,,,,,,
Gemeindewerke Nüdlingen,Kissinger Str. 1,97720,Nüdlingen,https://www.nuedlingen.de,,R?,,,?,,,,,Naturstrom Wasser und Wald PLUS,,
Gemeindewerke Nümbrecht GmbH,Schulstraße 4,51588,Nümbrecht,https://www.gwn24.de,,R?,,,?,,,,,RenewablePLUS,,
Gemeindewerke Oberaudorf Elektrizitäts- und Wasserwerk,Kranzhornstraße 2,83080,Oberaudorf,http://www.gemeindewerke-oberaudorf.de,,A,,,,,,,,,,
Gemeindewerke Oberhaching GmbH,Alpenstraße 11,82041,Oberhaching,https://www.gemeindewerke-oberhaching.de/,,A,,,,,,,,,,
Gemeindewerke Partenstein,Hauptstrasse 24,97846,Partenstein,https://www.vg-partenstein.de,,A,,,,,,,,,,
Gemeindewerke Peiner Land GmbH & Co.KG,Woltorfer Straße 64,31224,Peine,https://www.gemeindewerke-peinerland.de/,,A,,,,,,,,,,
Gemeindewerke Peißenberg KU,Forster Str. 19,82380,Peißenberg,https://www.gemeindewerke-peissenberg.de,,A,,,,,,,,,,
Gemeindewerke Pleinfeld,Marktplatz 11,91785,Pleinfeld,https://www.gw-pleinfeld.de,,A,,,,,,,,,,
Gemeindewerke Rheinzabern,Hauptstraße 33,76764,Rheinzabern,http://www.evu-rheinzabern.de,,A,,,,,,,,,,
Gemeindewerke Rückersdorf,Brunnenweg 9,90607,Rückersdorf,https://gemeindewerke.rueckersdorf.de,,A,,,,,,,,,,
Gemeindewerke Schönkirchen GmbH,Dorfstraße 4,24232,Schönkirchen,https://gemeindewerke-schoenkirchen.de,,R?,,,?,,,,,RenewablePLUS,,
Gemeindewerke Schutterwald,Rathaus,77746,Schutterwald,https://www.gemeindewerke-schutterwald.de,,A,,,,,,,,,,
Gemeindewerke Schwarzenbruck GmbH,Unterer Zeidlerweg 1,90537,Feucht,https://www.feucht-gw.de,,A,,,,,,,,,,
Gemeindewerke Sinzheim,Müllhofener Str. 22,76547,Sinzheim,https://www.gw-sinzheim.de/,,A,,,,,,,,,,
Gemeindewerke Stammbach,Rathausstraße 7,95236,Stammbach,https://www.gemeindewerke-stammbach.de,,R?,,,,,,,,,,
Gemeindewerke Steinhagen GmbH,Westernkamp 12,33803,Steinhagen,https://www.gs-werke.de,,A,,,,,,,,,,
Gemeindewerke Steißlingen,Schulstr. 19,78256,Steißlingen,https://www.steisslingen.de,,A,,,,,,,,,,
Gemeindewerke Stelzenberg c/o Stadtwerke Kaiserslautern Versorgungs-AG,Pirmasenser Straße 62,67655,Kaiserslautern,https://www.swk-kl.de,,A,,,,,,,,,,
Gemeindewerke Stockelsdorf GmbH,Marienburgstraße 7,23617,Stockelsdorf,https://www.gemeindewerke-stockelsdorf.de,,R?,,,,,,,,purepowerTrue (TÜV süd),,
Gemeindewerke Taufkirchen (Vils) GmbH & Co. KG,Rathausplatz 1,84416,Taufkirchen (Vils),https://www.gemeindewerke-taufkirchen.de,,A,,,,,,,,,,
Gemeindewerke Umkirch GmbH,Vinzenz-Kremp-Weg 1,79224,Umkirch,https://www.gemeindewerke-umkirch.de,,A,,,,,,,,,,
Gemeindewerke Waging,Salzburger Str. 1,83329,Waging am See,https://www.gemeindewerke-waging.de,,A,,"nur 2% normalstrom, erfüllt aber keine zuätzlichen kriterien",,,,,,,,
Gemeindewerke Weidenthal,Ramsteiner Weg 2,67685,Weilerbach,https://www.weidenthal.de/gemeindewerke/,,?,,,,,,,,,,
Gemeindewerke Wendelstein,Nürnberger Straße 5,90530,Wendelstein,https://www.gemeindewerke-wendelstein.de,,A,,,,,,,,,,übernommen von den Stadtwerken Kaiserslautern
Gemeindewerke Wildeck Obersuhl,Eisenacher Straße 98,36208,Wildeck Obersuhl,https://www.wildeck-hessen.de,,?,?,,,,,,,,x,tarife lassen keinen 100%igen Ökostrom erkennen
Gemeindewerken Bovenden GmbH & Co. KG,Rathausplatz 1,37120,Bovenden,https://www.gemeindewerke-bovenden.de,,A,,,,,,,,,,
Gemeindl. Werke Hengersberg,Mimminger Straße 2,94491,Hengersberg,https://www.gw-hengersberg.de,,A,,,,,,,,,,
Gemeindliche Stromversorgung Röttenbach,Ringstr. 46,91341,Röttenbach,https://www.roettenbach-erh.de,,A,,,,,,,,,,
gemeinsames Kommunalunternehmen Oberes Egertal,Wunsiedler Straße 30,95163,Weißenstadt,http://www.g-ku.de,,A,,,,,,,,,,
Georg Oest Mineralölwerk GmbH & Co KG,Georg-Oest-Str. 4,72250,Freudenstadt,https://www.oest.de,,A,,Avia Strom Gesellschafter,,,,,,,,"Tankstelle (Vertrieb von Erdgas, Strom, Heizöl, Diesel, Holzpellets, Kraft- und Schmierstoffe)"
GEW Wilhelmshaven GmbH,Nahestraße 6,26382,Wilhelmshaven,https://www.gew-wilhelmshaven.de,,A,,,,,,,,,,
Gewerbepark Nürnberg-Feucht Versorgungs- und Abwasserentsorgungs GmbH,Unterer Zeidlerweg 1,90537,Feucht,https://www.feucht-gw.de,,A,,,,,,,,,,
GGEW Gruppen-Gas- und Elektrizitätswerk Bergstraße AG,Dammstr. 68,64625,Bensheim,https://www.ggew.de,,A,,,,,,,x,,,
Greenline - alternative energien GmbH,Edelmannstr. 22,39218,Schönebeck,https://www.ggew.de,,A,,,,,,,,,,
Greenpeace Energy eG,Hongkongstr. 10,20457,Hamburg,https://www.greenpeace-energy.de,,X,,,,,,,,,,
grün.power GmbH,An der Fahrt 5,55124,Mainz,https://gruenpower.eu,,X,,,,,,,,,,
Grünstromwerk Vertriebs GmbH,Englische Planke 2,20459,Hamburg,https://www.gruenstromwerk.de,,X,? Nutzt u.a. Blockheitzkraftwerke für dezentrale Versorgung,,,,?,,,,,Spezialisiert auf Solarstrom und dezentrale Versorgungslösungen
Grünwelt - eine Marke der Stromio GmbH,Girmes-Kreuz-Str. 55,41564,Kaarst,https://www.gruenwelt.de,,A,,Marke der Stromio GmbH,,,,,,,,
GSW Gemeinschaftsstadtwerke GmbH Kamen - Bönen - Bergkamen,Poststraße 4,59174,Kamen,https://www.gsw-kamen.de,,A,,,,,,,,,,
GWG Grevenbroich GmbH,Nordstrasse 36,41515,Grevenbroich,https://www.gwg-grevenbroich.de,,A,,,,,,,,,,Certreten durch: NEW Niederrhein Energie und Wasser GmbH
GWS Stadtwerke Hameln GmbH,Hafenstrasse 14,31785,Hameln,https://www.stadtwerke-hameln.de,,A,,,,,,,,,,
HAMBURG ENERGIE GmbH,Billhorner Deich 2,20539,Hamburg,https://www.hamburgenergie.de/,,R,,,,,,,,TÜV Nord,,
Harz Energie GmbH & Co. KG,Lasfelder Str. 10,37520,Osterode,https://www.harzenergie.de,,A,,,,,,,,,,
Havelstrom Zehdenick GmbH,Schleusenstraße 22,16792,Zehdenick,https://www.stadtwerke-zehdenick.de,,A,,,,,,,,,,
Heinrich Klöcker GmbH & Co.KG,Ahauser Straße 21,46325,Borken,https://www.kloecker.de,,A,,Avia Strom Gesellschafter,,,,,,,,Avia Strom Gesellschafter
Hellweg Energie GmbH - eine Marke der Stadtwerke Lippstadt GmbH,Bunsenstr. 2,59557,Lippstadt,https://www.hellwegenergie.de,,A,,,,,,,,,,
Herzo Werke GmbH,Schießhausstraße 9,91074,Herzogenaurach,https://www.herzowerke.de,,R,,,,,,,,TÜV Rheinland,,
HEW HofEnergie+Wasser GmbH,Unterkotzauer Weg 25,95028,Hof,https://www.stadtwerke-hof.de,,A,,,,,,,,,,
HEWA GmbH,Wilhelm-Ulmer-Str. 12,91217,Hersbruck,https://www.hewagmbh.de,,A,,,,,,,,,,
ILZHÖFERS Nachf. Inh. Walch KG,Siebentischstr. 16a,86161,Augsburg,https://www.ilzhoefer.com,,A,,Avia Strom Gesellschafter,,,,,,,,Avia Strom Gesellschafter
infra fürth gmbh,Leyher Straße 69,90763,Fürth,https://www.infra-fuerth.de,,A,,,,,,,,,,
KBG KraftstromBezugsgenossenschaft Homberg eG,Ostpreußenweg 5,34576,Homberg/Efzen,https://www.besser-meine-stadtwerke.de,,?,,,,,,,,,x,
KEV Energie GmbH (Energie Nordeifel),Hindenburgstraße 13,53925,Kall,https://www.ene-eifel.de,,A,,,,,,,,,,
KlickEnergie GmbH & Co. KG,Moselstraße 25-27,41464,Neuss,https://www.klickenergie.de,,A,,,,,,,,,,
KommEnergie GmbH,Hauptplatz 4,82223,Eichenau,https://www.kommenergie.de,,R?,,"KommEnergie GmbH ist ein Gemeinschaftsunternehmen der Gemeinden Eichenau, Gröbenzell und der Stadt Puchheim sowie der Bayernwerk AG;  Bayernwerk AG ist eine 100-prozentige Tochter des E.ON-Konzerns",?,,,,,,,
Köthen Energie GmbH,Lelitzer Straße 27 b,06366,Köthen,https://www.koethenergie.de,,A,,,,,,,,,,
Kraftwerk Farchant A. Poettinger & Co KG,Esterbergstrasse 8,82490,Farchant,https://www.kw-farchant.com/,,A,,,,,,,,,,
Kraftwerk Köhlgartenwiese GmbH,Tegernauer Ortsstrasse 9,79692,Kleines Wiesental,https://www.koehlgartenwiese.de,,R?,,,?,,,,x,,,
Kraftwerke Haag GmbH,Gabelsbergerstraße 25,83527,Haag i. OB,https://www.kraftwerke-haag.de,,A,,,,,,,,,,
lekker Energie GmbH,Invalidenstraße 17 a,10115,Berlin,https://www.lekker.de,,A,,,,,,,,,,
Licht- und Kraftwerke Helmbrechts GmbH,Münchberger Str. 65,95233,Helmbrechts,https://www.luk-helmbrechts.de,,A,,,,,,,,,,
"Licht-, Kraft- und Wasserwerke Kitzingen GmbH",Wörthstraße 5,97318,Kitzingen,https://www.lkw-kitzingen.de,,A,,,,,,,,,,
LichtBlick SE,Zirkusweg 6,20359,Hamburg,https://www.lichtblick.de,,X,,,,,,,,,,
LogoEnergie GmbH,Münsterstraße 9,53881,Euskirchen,https://www.logoenergie.de,,B,,Über Rehnag mit RWE verflochten,?,,,,,,,
LSW Energie GmbH & Co. KG,Heßlinger Straße 1-5,38440,Wolfsburg,https://www.lsw.de,,A,,,,,,,,,,
MAINGAU Energie GmbH,Ringstraße 4 - 6,63179,Obertshausen,https://www.maingau-energie.de,,B,,Über Rehnag und Süwag mit Innogy bzw. RWE verflochten,,,,,,TÜV Süd EE,,
Mainova AG,Solmsstr. 38,60486,Frankfurt am Main,https://www.mainova.de,,A,,,,,,,,,,
Maintal-Werke-GmbH,Neckarstraße 7,63477,Maintal-Dörnigheim,https://www.maintal-werke.de,,A,,,,,,,,,,
Mainzer Stadtwerke Vertrieb und Service GmbH,Rheinallee 41,55118,Mainz,https://www.mainzer-stadtwerke.de,,A,,,,,,,,,,
MANN Naturenergie GmbH & Co. KG,Schulweg 8 - 14,57520,Langenbach,https://www.mannstrom.de,,X,,,,,,,,"GrünerStrom, TÜVSüd",,
Mark-E Aktiengesellschaft,Körnerstraße 40,58095,Hagen,https://www.mark-e.de,,?,fossile Energieerzeugung nur noch mittels Gas,?,,,,,,,,
MEGA Monheimer Elektrizitäts- und Gasversorgung GmbH,Daimlerstr. 10a,40789,Monheim am Rhein,http://www.mega-monheim.de,,A,,,,,,,,,,
meine StadtEnergie - eine Marke der Urbania GmbH,Breitwieserweg 5,69469,Weinheim,https://www.meinestadtenergie.de,,A,,,,,,,,,,
Meißener Stadtwerke GmbH,Karl-Niesner-Str. 1,01662,Meißen,https://www.stadtwerke-meissen.de,,A,,,,,,,,,,
Mindener Stadtwerke GmbH,Großer Domhof 3,32423,Minden,https://www.mindener-stadtwerke.de/,,A,,,,,,,,,,
MONTANA Energieversorgung GmbH & Co. KG,Dr.-Max-Straße 26,82031,Grünwald,https://www.montana-energie.de,,A,,,,,,,,,,
MVV Energie AG,Luisenring 49,68159,Mannheim,https://www.mvv.de,,A,,,,,,,,,,
natürlich grün - eine Marke der Smiling Green Energy GmbH,Grubesallee 24,22143,Hamburg,https://natuerlich-gruen-strom.de,,R?,,,?,,,,,EKOenergie,,
NaturStromHandel GmbH,Parsevalstraße 11,40468,Düsseldorf,https://www.naturstrom.de,,X,,,,,,,x,,,
Neander Energie GmbH,Wilhelmstraße 21,42489,Wülfrath,https://www.neander-energie.de,,R,,,,,,,,KlimaINVEST,,
Neckermann Strom GmbH,Südportal 3,22848,Norderstedt,https://www.neckermann-strom.de/,,C,,,,,,,,,,
Neubrandenburger Stadtwerke GmbH,John-Schehr-Straße 1-5,17033,Neubrandenburg,https://www.neu-sw.de,,A,,,,,,,,,,
NEW AG,Odenkirchenerstr. 201,41236,Mönchengladbach,https://www.new-energie.de,,A,,,,,,,,,,
NEW Niederrhein Energie und Wasser GmbH,Odenkirchener Str. 201,41236,Mönchengladbach,https://www.new-energie.de,,A,,,,,,,,,,
NEW Tönisvorst GmbH,Ringstraße 1,47918,Tönisvorst,https://www.new-energie.de,,A,,,,,,,,,,
NEW Viersen GmbH,Rektoratstraße 18,41747,Viersen,https://www.new-energie.de,,A,,,,,,,,,,
NGW GmbH,Duisburger Straße 161-167,47166,Duisburg,https://www.ngw.de,,A,,,,,,,,,,
Niedersachsen Ports GmbH & Co.KG Niederlassung Emden,Friedrich-Naumann-Str. 7-9,26725,Emden,https://www.nports.de/,,?,,,,,,,,,,
Nienburg Energie GmbH,An der Breiten Riede 9,31582,Nienburg,https://www.stadtwerke-nienburg.de,,A,,,,,,,,,,
NiersEnergie GmbH - eine Marke der Stadtwerke Kevelaer,Kroatenstr. 125,47623,Kevelaer,https://www.kevelaer.de,,R,,,?,,,,x,,,
Niestetal Energie - eine Marke der Städtische Werke Kassel AG,Heiligenröder Str. 70,34266,Niestetal,https://www.sw-kassel.de,,R,,?,?,,,,x,,,
Oberhessische Versorgungsbetriebe AG,Hanauer Straße 9-13,61169,Friedberg,https://www.ovag-energie.de,,A,,,,,,,,,,
Osterholzer Stadtwerke GmbH & Co. KG,Am Pumpelberg 4,27711,Osterholz-Scharmbeck,https://www.osterholzer-stadtwerke.de,,A,,,,,,,,,,
Pfalzwerke AG,Kurfürstenstr. 29,67061,Ludwigshafen,https://www.pfalzwerke.de,,A,,,,,,,,,,
Regionalwerk Bodensee GmbH & Co. KG,Waldesch 29,88069,Tettnang,https://www.rw-bodensee.de,,A,,,,,,,,,,
Remstalwerk GmbH & Co. KG,Schillerstr. 30,73630,Remshalden,https://www.remstalwerk.de,,A,,,,,,,,,,
RheinEnergie AG,Parkgürtel 24,50823,Köln,https://www.rheinenergie.com,,A,,,,,,,,,,
Rheinhessen-Energie GmbH c/o VG-Werke Sprendlingen-Gensingen AöR,Elisabethenstraße 1,55576,Sprendlingen,http://www.rheinhessen-energie.de,,R,,,?,,,,x,TÜV Nord,,
Rheinhessische Energie- und Wasserversorgungs-GmbH,Binger Straße 135,55218,Ingelheim,https://www.rheinhessische.de,,R?,,Thüga Aktiengesellschaft,,,,,,,,
rhenag Rheinische Energie AG,Bayenthalgürtel 9,50968,Köln,https://www.rhenag.de,,B,,Rehnag - Tochterunternehmen von innogy,,,,,,,,
RhönEnergie Fulda GmbH,Bahnhofstraße 2,36037,Fulda,https://re-fd.de,,A,,,,,,,,,,
ROTHMOSER GMBH & CO. KG,Am Urtelbach 4,85567,Grafing bei München,https://www.rothmoser.de,,?,?,,?,,,,,,x,
Schleswiger Stadtwerke GmbH,Werkstraße 1,24837,Schleswig,https:/www.schleswiger-stadtwerke.de,,A,?,,,,x,,,,,Erdgas
Schöpper & Knoll - Taubertal GmbH,Am Igelsbach 19,91541,Rothenburg o.d.T.,http://www.schoepper-knoll.de/de/index.php,,A,x,,,,,,,,,mit Avia verküpft
Schröder Gas GmbH & Co. KG,Dibberser Bahnhof 5,27321,Thedinghausen,https:/www.schroeder-gas.de,,R?,?,,?,,,,,,x,Erdgas
SE SAUBER ENERGIE GmbH & Co. KG,Bayenthalgürtel 9,50968,Köln,https://www.sauberenergie.de ,,B,,x,?,,,,,TÜV ,x,Innogy hat 30 Prozent anteil
Siegener Versorgungsbetriebe GmbH,Morleystraße 29-37,57072,Siegen,https://www.svb-siegen.de,,B,,x,?,,x,,,,,Innogy / rhenag beteiligung
Solargenossenschaft Rosenheim eG,Am Gangsteig 16,83024,Rosenheim,https://solargenossenschaft-rosenheim.de ,,D,,?,?,Strombezug von der Verbund AG,x,,x,TÜV süd,,Kraftwerk ist von VERBUND AG → Sind mit EVN Verbunden
Stadt- und Überlandwerke GmbH Lübben,Bahnhofstraße 30,15907,Lübben,https://www.stadtwerke-luebben.de ,,A,x,,,,x,,,,x,
Stadt- und Überlandwerke GmbH Luckau-Lübbenau,Am Bahnhof 2,15926,Luckau,https://www.suell.de/,,A,x,,,,x,,,,x,
Städtische Betriebswerke Luckenwalde GmbH,Kirchhofsweg 6,14943,Luckenwalde,https://www.sbl-gmbh.net/,,A,x,,,,x,,,,,
Städtische Werke AG Kassel,Königstor 3-13,34117,Kassel,https://www.sw-kassel.de/privatkunden/startseite.html,,A,,,,,,,,,,
Städtische Werke Magdeburg GmbH & Co. KG,Am Alten Theater 1,39104,Magdeburg,https://www.sw-magdeburg.de/privatkunden/startseite.html,,A,x,,,,x,,,,,
Städtische Werke Spremberg (Lausitz) GmbH,Lustgartenstraße 4a,03130,Spremberg,https://swspremberg.de/,,A,x,,,,x,,,,,
Städtisches Kommunalunternehmen Baiersdorf,Am Anger 5,91083,Baiersdorf,http://www.sk-baiersdorf.de/,,A,x,,,,x,,,,,
Stadtwerk am See GmbH & Co. KG,Kornblumenstr. 7/1,88046,Friedrichshafen,https://www.stadtwerk-am-see.de/de/index.php,,A,x,,,,,,,,,
Stadtwerk Haßfurt GmbH,Augsfelder Str.6,97437,Haßfurt,https://www.stwhas.de/,,A,x,,,,x,,,,,
Stadtwerk Külsheim GmbH,Kirchbergweg 7,97900,Külsheim,https://www.stwhas.de/,,A,x,,,,x,,,,,
Stadtwerk Tauberfranken GmbH,Max-Planck-Str. 5,97980,Bad Mergentheim,https://stadtwerk-tauberfranken.de/,,A,x,,,,x,,,,,
Stadtwerke - Strom Plauen GmbH & Co. KG,Hammerstraße 68,08523,Plauen,https://www.stadtwerke-strom-plauen.de/de/,,A,x,,,,x,,,,,
Stadtwerke Aalen GmbH,Im Hasennest 9,73433,Aalen,https://www.sw-aalen.de/,,A,x,,,,x,,,,,
Stadtwerke Achim AG,Gaswerkstr.7,28832,Achim,https://www.stadtwerke-achim.de/,,A,x,,,,x,,,,,
Stadtwerke Ahrensburg GmbH,Lohe 1,22926,Ahrensburg,https://www.stadtwerke-ahrensburg.de/,,A,x,,,,x,,,,,
Stadtwerke Altdorf GmbH,Hersbrucker Straße 6a,90518,Altdorf,https://www.stadtwerke-altdorf.de/,,A,x,,,,x,,,,,
Stadtwerke Altensteig,Jahnstraße 13,72213,Altensteig,https://www.stadtwerke-altensteig.de/de/Privatkunden,,A,x,,,,x,,,Grünstrom (nicht Gold),,
Stadtwerke Andernach Energie GmbH,Läufstraße 4,56626,Andernach,https://www.stadtwerke-andernach-energie.de/,,A,x,,,,x,,,,,
Stadtwerke Annweiler,Saarlandstr. 13,76855,Annweiler,https://www.stadtwerke-annweiler.de/startseite.html,,A,x,,,,x,,,,,
Stadtwerke Ansbach GmbH,Rügländer Straße 1a,91522,Ansbach,https://www.stwan.de/,,A,x,,,,x,,,,,
Stadtwerke Arnsberg Vertriebs und Energiedienstleistungs GmbH,Niedereimerfeld 22,59823,Arnsberg,https://www.stadtwerke-arnsberg.de/,,A,,,?,,,,,TÜV,,
Stadtwerke Arnstadt GmbH,Elxlebener Weg 8,99310,Arnstadt,https://www.sw-arnstadt.de/,,A,x,,,,x,,,,,
Stadtwerke Aschersleben GmbH,Postfach 1756,06449,Aschersleben,https://www.sw-aschersleben.de/startseite.html,,A,x,,,,x,,,,,
Stadtwerke Augsburg Energie GmbH,Hoher Weg 1,86152,Augsburg,https://www.sw-augsburg.de/,,A,x,,,,x,,,,,
Stadtwerke Bad Aibling,Lindenstr. 30,83043,Bad Aibling,https://www.stadtwerke-bad-aibling.de/,,A,,,?,Strombezug von der Verbund AG,x,,,,,Kraftwerk ist von VERBUND AG → Sind mit EVN Verbunden
Stadtwerke Bad Bramstedt GmbH,Lohstücker Weg 10 - 12,24576,Bad Bramstedt,https://www.stadtwerke-badbramstedt.de/,,B,,x,,,,,,,,"36 Prozent von Hansa Werk, die zu großteil e.on gehören"
Stadtwerke Bad Brückenau GmbH,Sinnaustr. 14,97769,Bad Brückenau,http://www.stadtwerke-bad-brueckenau.de/de/Fussnavigation/Impressum/,,R?,,,,,x,,, Grünstrom (nicht Gold) Grünstrom gibt es nicht nur „GrünerStrom“ und die zertifizierung ist in diesem Fall “Firstclimate“ ,,
Stadtwerke Bad Dürkheim GmbH,Salinenstrasse 36,67098,Bad Dürkheim,http://sw-duerkheim.de/,,A,x,,,,x,,,Grünstrom (nicht Gold),,
Stadtwerke Bad Friedrichshall,Saline 1,74177,Bad Friedrichshall,http://www.bad-friedrichshall.de/content1.asp?site=bfhallgemeines&cls=01,,A,x,,,,x,,,,,
Stadtwerke Bad Herrenalb GmbH,Bahnhofstr. 12,76332,Bad Herrenalb,https://www.stw-badherrenalb.de/,,A,x,?,?,?,,,,,,über Tühga und Ruhrgas mit e.on verbunden
Stadtwerke Bad Hersfeld GmbH,Kleine Industriestrasse 1,36251,Bad Hersfeld,https://www.stadtwerke-hef.de/,,B,,x,,,x,,,,,
Stadtwerke Bad Kissingen GmbH,Würzburger Straße 5,97688,Bad Kissingen,https://www.stwkiss.de/,,A,x,,,,x,,,,,
Stadtwerke Bad Langensalza GmbH,Illebener Weg 11a,99947,Bad Langensalza,https://www.swl-badlangensalza.de/,,A,x,,,,x,,,,,
Stadtwerke Bad Nauheim GmbH,Hohe Straße 14-18,61231,Bad Nauheim,https://www.stadtwerke-bad-nauheim.de/,,A,x,,,,x,,,,,
Stadtwerke Bad Neustadt a.d. Saale,Goethestr. 17/19,97616,Bad Neustadt,https://www.stw-badnes.de/,,A,x,,,,x,,,,,
Stadtwerke Bad Pyrmont Energie & Verkehrs GmbH,Südstrasse 3,31812,Bad Pyrmont,https://www.stadtwerke-bad-pyrmont.de/,,A,x,,,,x,,,,,
Stadtwerke Bad Reichenhall KU,Hallgrafenstraße 2,83435,Bad Reichenhall,https://www.stadtwerke-bad-reichenhall.de/index.php/home/?lang=de&node=home,,A,x,,,,x,,,,,
Stadtwerke Bad Sachsa GmbH,Feldstraße 10,37441,Bad Sachsa,https://www.stwbadsachsa.de/home.html,,A,x,,,,x,,,,,
Stadtwerke Bad Säckingen GmbH,Schulhausstraße 40,79713,Bad Säckingen,https://www.sws-energie.de/sws-energie/unternehmen/ansprechpartner.php,,A,x,,,,x,,,,,
Stadtwerke Bad Salzuflen GmbH,Uferstr. 36-44,32108,Bad Salzuflen,https://www.stwbs.de/,,A,x,,,,x,,,,,
Stadtwerke Bad Saulgau,Moosheimer Straße 28,88348,Bad Saulgau,https://www.bad-saulgau.de/stadtwerke/,,A,x,,,,x,,,,,
Stadtwerke Bad Sooden-Allendorf,Werrastrasse 24,37242,Bad Sooden-Allendorf,https://stadtwerke-bsa.de/stadtwerke/home,,A,x,,,,x,,,,,
Stadtwerke Bad Tölz GmbH,An der Osterleite 2,83646,Bad Tölz,https://stw-toelz.de/,,R?,,,,,,,x,,,
Stadtwerke Bad Vilbel GmbH,Theodor-Heuss-Str. 53-63,61118,Bad Vilbel-Dortelweil,https://www.sw-bv.de/,,A,x,,,,x,,,,,
Stadtwerke Bad Wildbad GmbH & Co. KG,Ladestr. 5,75323,Bad Wildbad,https://www.stadtwerke-bad-wildbad.de/,,A,x,,,,x,,,,,
Stadtwerke Bad Windsheim,Vorm Rothenburger Tor 2,91438,Bad Windsheim,https://www.sw-bw.de/startseite/,,A,x,,,,x,,,,,
Stadtwerke Bad Wörishofen,Stadionring 18,86825,Bad Wörishofen,https://www.swbw.de/,,A,x,,,,x,,,,,
Stadtwerke Balingen,Wasserwiesen 37,72336,Balingen,https://www.stadtwerke.balingen.de/,,A,x,,,,x,,,,,
Stadtwerke Bamberg Energie- und Wasserversorgungs GmbH,Margaretendamm 28,96052,Bamberg,https://www.stadtwerke-bamberg.de/,,A,x,,,,x,,,,,
Stadtwerke Barmstedt,Bahnhofstr. 27,25355,Barmstedt,https://stadtwerke-barmstedt.de/privatkunden/,,A,x,,,,x,,,,,
Stadtwerke Barmstedt Xtra GmbH,Bahnhofstr. 27,25355,Barmstedt,https://stadtwerke-barmstedt.de/privatkunden/,,A,x,,,,x,,,,,
Stadtwerke Barth GmbH,Louis-Fürnberg-Strasse 3,18356,Barth,https://www.stadtwerke-barth.de/,,A,x,,,,x,,,,,
Stadtwerke Bayreuth Energie und Wasser GmbH,Birkenstraße 2,95447,Bayreuth,https://www.stadtwerke-bayreuth.de/,,B,,,,,,,,TÜV NORD,,
Stadtwerke Bebra GmbH,Wiesenweg 1,36179,Bebra,https://www.stadtwerke-bebra.de/,,R?,,,?,,,,,,,
Stadtwerke Bernau GmbH,Breitscheidstraße 45,16321,Bernau bei Berlin,https://www.stadtwerke-bernau.de/,,A,x,,,,x,,,,,
Stadtwerke Bexbach GmbH,Kolpingstraße 83,66450,Bexbach,http://www.stadtwerke-bexbach.de/,,A,x,,,,x,,,,,
Stadtwerke Bielefeld GmbH,Schildescher Str. 16,33611,Bielefeld,https://www.stadtwerke-bielefeld.de/,,A,x,,,,x,,,,,
Stadtwerke Bietigheim-Bissingen GmbH,Rötestr. 8,74321,Bietigheim-Bissingen,https://www.sw-bb.de/,,A,x,,,,x,,,,,
Stadtwerke Blankenburg GmbH,Börnecker Straße 6,38889,Blankenburg,https://www.sw-blankenburg.de/,,A,x,,,,x,,,,,
Stadtwerke Bliestal GmbH,Bliesgaustraße 13,66440,Blieskastel,https://www.stadtwerke-bliestal.de/privatkunden/startseite/,,A,x,,,,x,,,,,
Stadtwerke Böblingen GmbH & Co. KG,Wolfgang-Brumme-Allee 32,71032,Böblingen,https://www.stadtwerke-boeblingen.de/,,A,x,,,,x,,,,,
Stadtwerke Bochum GmbH,Ostring 28,44787,Bochum,https://www.stadtwerke-bochum.de/privatkunden.html,,A,x,,,,x,,,,,
Stadtwerke Bogen GmbH,Agendorfer Straße 19,94327,Bogen,https://www.stadtwerke-bogen.de/,,A,x,,,,x,,,,,
Stadtwerke Brandenburg an der Havel GmbH & Co. KG,Packhofstraße 31,14776,Brandenburg an der Havel,https://www.stwb.de/,,A,x,,,,x,,,,,
Stadtwerke Bredstedt GmbH,Markt 3,25821,Bredstedt,https://www.sw-nf.de/,,A,,,,,,,,,,
Stadtwerke Bretten GmbH,Pforzheimer Str. 80-84,75015,Bretten,https://www.stadtwerke-bretten.de/,,A,x,,,,x,,,,,
Stadtwerke Brühl GmbH,Engeldorfer Straße 2,50321,Brühl,https://www.stadtwerke-bruehl.de/,,A,x,,,,x,,,,x,
Stadtwerke Brunsbüttel GmbH,Eddelaker Straße 123 d,25541,Brunsbüttel,https://www.stadtwerke-brunsbuettel.de/de/,,A,x,,,,x,,,,,
Stadtwerke Buchen GmbH & Co KG,Am Hohen Markstein 3,74722,Buchen/Odenwald,https://www.stadtwerke-buchen.de/,,A,x,,,,x,,,,,
Stadtwerke Buchholz in der Nordheide GmbH,Maurerstraße 10,21244,Buchholz i.d.N.,https://buchholz-stadtwerke.de/startseite.html,,A,x,,,,x,,,,,
Stadtwerke Bühl GmbH,Siemensstr. 5,77815,Bühl,https://www.stadtwerke-buehl.de/de/Privatkunden,,A,x,,,,x,,,,,
Stadtwerke Burg GmbH,Schartauer Straße 58a,39288,Burg,https://stadtwerke-burg.de/,,A,x,,,,x,,,,,
Stadtwerke Burgdorf GmbH,Vor dem Hannoverschen Tor 12,31303,Burgdorf,https://www.stadtwerke-burgdorf.de/,,A,x,,,,x,,,,,
Stadtwerke Buxtehude GmbH,Ziegelkamp 8,21614,Buxtehude,https://www.stadtwerke-buxtehude.de/kontakt-service,,R?,,,x,,,,,"TÜV Nord, KlimaINVEST ",x,
Stadtwerke Castrop-Rauxel GmbH,Lönsstrasse 12,44575,Castrop-Rauxel,https://www.swcas.de/,,R?,,,?,,,,,,,
Stadtwerke Celle GmbH,Magnusstraße 2,29221,Celle,https://stadtwerke-celle.de/,,R?,,,?,,,,,TÜV Nord Grünstrom (nicht Gold),,
Stadtwerke Clausthal-Zellerfeld GmbH,Robert-Koch-Str. 5,38678,Clausthal-Zellerfeld,https://www.stadtwerke-clausthal.de/de/Home/Impressum/,,?,,,,,,,,,,
Stadtwerke Cottbus GmbH,Karl-Liebknecht-Straße 130,03046,Cottbus,https://www.stadtwerke-cottbus.de/,,A,x,,,,x,,,,,
Stadtwerke Crailsheim GmbH,Fr.-Bergius-Str. 10 - 14,74564,Crailsheim,http://www.stw-crailsheim.de/,,A,x,,,,x,,,,,
Stadtwerke Dachau,Brunngartenstr. 3,85221,Dachau,https://www.stadtwerke-dachau.de/kontakt.html,,A,x,,,,x,,,,,
Stadtwerke Deggendorf GmbH,Graflinger Straße 36,94469,Deggendorf,https://www.stadtwerke-deggendorf.de/,,A,x,,,,x,,,,,
Stadtwerke Deidesheim GmbH,Im Kathrinenbild 5,67146,Deidesheim,https://www.stadtwerke-deidesheim.de/,,R?,,,,,,,,,,
Stadtwerke Detmold GmbH,Am Gelskamp 10,32758,Detmold,https://www.stadtwerke-detmold.de/,,B,Innogy 12.45%,,x,,,,,TÜV Nord,,
Stadtwerke Dettelbach,Luitpold-Baumann-Str. 1,97337,Dettelbach,https://www.dettelbach.de/sites/gensite.asp?SID=cms1408201921145925519776&Art=02&WB=1,,A,x,,,,x,,,,,
Stadtwerke Dinslaken GmbH,Gerhard-Malina-Strasse 1,46537,Dinslaken,https://www.stadtwerke-dinslaken.de/privatkunden/startseite.html,,A,x,,,,x,,,,,
Stadtwerke Ditzingen GmbH & Co. KG,Bauernstraße 76/1,71254,Ditzingen,https://www.sw-ditzingen.de/,,A,x,,,,x,,,,,
Stadtwerke Döbeln GmbH,Rosa-Luxemburg-Str. 9,04720,Döbeln,https://www.stadtwerke-doebeln.de/,,A,x,,,,x,,,,,
Stadtwerke Duisburg AG,Bungertstr. 27,47053,Duisburg,https://www.stadtwerke-duisburg.de/,,A,x,,,,x,,,,,
Stadtwerke Düren GmbH,Arnoldsweilerstr. 60,52351,Düren,https://www.stadtwerke-dueren.de/corporate/karriere/,,A,x,,,,x,,,,,
Stadtwerke Düsseldorf AG,Höherweg 100,40233,Düsseldorf,https://www.swd-ag.de/,,A,x,,,,x,,,,,
Stadtwerke Ebermannstadt Versorgungsbetriebe GmbH,Forchheimer Straße 29,91320,Ebermannstadt,https://www.stadtwerke-ebermannstadt.de/de/Fussnavigation/Impressum/,,A,,,,,,,,,,
Stadtwerke Eckernförde GmbH,Bormbrook 1,24340,Eckernförde,https://www.stadtwerke-eckernfoerde.de/index.php/unternehmen.html,,A,x,,,,x,,,,,
Stadtwerke Einbeck GmbH,Grimsehlstraße 17,37574,Einbeck,https://www.stadtwerke-einbeck.de/,,A,x,,,,x,,,,,
Stadtwerke Eisenberg Energie GmbH,Etzdorfer Str. 2,07607,Eisenberg,https://portal.stadtwerke-eisenberg.de/,,A,x,,,,x,,,,,
Stadtwerke Elbtal GmbH,Neubrunnstraße 8,01445,Radebeul,https://www.stadtwerke-elbtal.de/swelbtal/InfoPortal/startseite,,A,x,,,,x,,,,,
Stadtwerke Elm-Lappwald GmbH,Marktstraße 18,38154,Königslutter am Elm,https://www.stadtwerke-elm-lappwald.de/,,A,x,,,,x,,,,,
Stadtwerke Elmshorn,Westerstr. 50 - 54,25336,Elmshorn,https://www.stadtwerke-elmshorn.de/,,A,x,,,,x,,,,,
Stadtwerke Elzach Versorgungs- und Kurbetriebe,Hauptstraße 99,79215,Elzach,"https://www.elzach.de/,Lde/startseite/rathaus+_+service/eigenbetrieb+stadtwerke.html",,A,,,,,,,,,,
Stadtwerke Emden GmbH,Martin-Faber-Str. 11,26725,Emden,https://stadtwerke-emden.de/,,A,x,,,,x,,,,,
Stadtwerke Emmendingen GmbH,Am Gaswerk 1,79312,Emmendingen,https://swe-emmendingen.de/,,?,,,,,,,,,,
Stadtwerke Emmerich GmbH,Wassenbergstraße 1,46446,Emmerich,https://www.stadtwerke-emmerich.de/,,A,x,,,,x,,,,,
Stadtwerke Emsdetten GmbH,Moorbrückenstraße 30,48282,Emsdetten,https://www.stadtwerke-emsdetten.de/,,A,x,,,,x,,,,,
Stadtwerke Energie Jena-Pößneck GmbH,Rudolstädter Straße 39,07745,Jena,https://www.stadtwerke-jena.de/privatkunden.html,,A,x,,,,x,,,,,
Stadtwerke Engen GmbH,Eugen-Schädler-Str. 3,78234,Engen,https://www.stadtwerke-engen.de/,,A,x,,,,x,,,,,
Stadtwerke Erkrath GmbH,Gruitener Straße 27,40699,Erkrath,https://www.stadtwerke-erkrath.de/,,?,,,,,,,,,,
Stadtwerke Eschwege GmbH,Niederhoner Straße 36,37269,Eschwege,https://www.stadtwerke-eschwege.de/,,A,x,,,,x,,,,,
Stadtwerke Essen AG,Rüttenscheider Straße 27 - 37,45128,Essen,https://www.stadtwerke-essen.de/,,B,,x,,,x,,,,,
Stadtwerke Ettlingen GmbH,Hertzstraße 33,76275,Ettlingen,https://www.sw-ettlingen.de/,,A,x,,,,x,,,,,
Stadtwerke Eutin GmbH,Holstenstraße 6,23701,Eutin,https://www.stadtwerke-eutin.de/,,R?,4.3% Erdgas,?,x,,,,, OKPower ok siegel ,,
Stadtwerke EVB Huntetal GmbH,Amelogenstr. 1,49356,Diepholz,https://www.stadtwerke-huntetal.de/,,A,x,,,,x,,,,,
Stadtwerke Fellbach GmbH,Ringstraße 5,70736,Fellbach,https://www.stadtwerke-fellbach.de/,,A,,,,,,,,,x,
Stadtwerke Feuchtwangen,Ansbacher Straße 29,91555,Feuchtwangen,https://stadtwerke-feuchtwangen.de/startseite.html,,A,,,,,,,,,,
Stadtwerke Finsterwalde GmbH,Langer Damm 14,03238,Finsterwalde,https://www.stadtwerke-finsterwalde.de/,,A,x,,,,x,,,,,
Stadtwerke Flensburg GmbH,Batteriestr. 48,24939,Flensburg,http://www.stadtwerke-flensburg.de/,,A,,,,,,,,,,
Stadtwerke Forchheim GmbH,Haidfeldstrasse 8,91301,Forchheim,https://www.stadtwerke-forchheim.de/,,A,x,,,,x,,,,,
Stadtwerke Frankenthal GmbH,Wormser Str. 111,67227,Frankenthal,https://www.stw-frankenthal.de/,,A,x,,,,x,,,,,
Stadtwerke Frankfurt (Oder) GmbH,Karl-Marx-Straße 195,15230,Frankfurt (Oder),https://www.stadtwerke-ffo.de/kundencentrum/service/,,A,x,,,,x,,,,,
Stadtwerke Freudenberg GmbH & Co. KG,Hauptstraße 152,97896,Freudenberg,https://www.stadtwerke-freudenberg.de/,,A,x,,,,x,,,,,
Stadtwerke Freudenstadt GmbH & Co. KG,Reichsstraße 9,72250,Freudenstadt,https://www.stadtwerke-freudenstadt.de/de/Privatkunden,,A,x,,,,x,,,,,
Stadtwerke Fürstenfeldbruck GmbH,Bullachstrasse 27,82256,Fürstenfeldbruck,https://www.stadtwerke-ffb.de/,,R?,,,?,,,,x,TÜV Nord,,
Stadtwerke Garbsen GmbH,Kochslandweg 20-22,30823,Garbsen,https://www.stadtwerke-garbsen.de/,,A,x,,,,x,,,,,
Stadtwerke Geesthacht GmbH,Elbuferstraße 48-54,21502,Geesthacht,https://www.stadtwerke-geesthacht.de/startseite,,A,x,,,,x,,,,,
Stadtwerke Geldern GmbH,Markt 25,47608,Geldern,https://www.stadtwerke-geldern.de/,,A,x,,,,x,,,,,
Stadtwerke Gelnhausen GmbH,Philipp-Reis-Straße 1 - 3,63571,Gelnhausen,https://www.stadtwerke-gelnhausen.de/startseite.html,,A,x,,,,x,,,,,
Stadtwerke Gengenbach,Hauptstraße 17,77723,Gengenbach,https://www.stadtwerke-gengenbach.de/index.php?id=4,,A,x,,,,x,,,,,
Stadtwerke Georgsmarienhütte GmbH,Malbergerstraße 13,49124,Georgsmarienhütte,http://www.sw-gmhuette.de/,,A,x,,,,x,,,,,
Stadtwerke Germersheim GmbH,Gaswerkstraße 3,76726,Germersheim,https://www.stw-ger.de/,,A,x,,,,x,,,,,
Stadtwerke Gescher GmbH,Inselstr. 5,48712,Gescher,https://www.stadtwerke-gescher.de/,,R?,,,,,,,,,,
Stadtwerke Gießen AG,Lahnstraße 31,35398,Gießen,https://www.swg-konzern.de/,,A,x,,,,x,,,,,
Stadtwerke Gifhorn GmbH,Torstraße 7,38518,Gifhorn,https://www.stadtwerke-gifhorn.de/,,A,x,,,,x,,,,,
Stadtwerke Glückstadt GmbH,Bahnhofstrasse 2,25348,Glückstadt,https://www.stadtwerke-glueckstadt.de/,,A,x,,,,x,,,,,
Stadtwerke Goch GmbH,Postfach 100553,47574,Goch,https://www.stadtwerke-goch.de/stadtwerke-goch/,,A,,,,,,,,,x,
Stadtwerke Görlitz AG,Demianiplatz 23,02826,Görlitz,https://www.stadtwerke-goerlitz.de/privatkunden/,,A,x,,,,x,,,,,
Stadtwerke Greven GmbH,Saerbecker Str. 77-78,48268,Greven,https://www.stadtwerke-greven.de/,,A,x,,,,x,,,,,
Stadtwerke Grevesmühlen GmbH,Grüner Weg 26,23936,Grevesmühlen,https://www.stadtwerke-gvm.de/de/start.html,,A,x,,,,x,,,,,
Stadtwerke Grimma GmbH,Lange Straße 17,04668,Grimma,https://www.stadtwerke-grimma.de/,,A,x,,,,x,,,,,
Stadtwerke Gronau GmbH,Laubstiege 19,48599,Gronau,https://www.stadtwerke-gronau.de/startseite/,,A,x,,,,x,,,,,
Stadtwerke Groß-Gerau Versorgungs GmbH,Darmstädter Strasse 53,64521,Groß-Gerau,http://ggv-energie.de/,,A,x,,,,x,,,,,
Stadtwerke Grünstadt GmbH,Max-Planck-Str. 12,67269,Grünstadt,https://www.swen-gruenstadt.de/,,A,x,,,,x,,,,,
Stadtwerke Gunzenhausen GmbH,Nürnbergerstr. 19-21,91710,Gunzenhausen,https://www.swg-gun.de/,,A,x,,,,x,,,,,
Stadtwerke Gütersloh GmbH,Berliner Str. 260,33330,Gütersloh,https://www.stadtwerke-gt.de/,,A,x,,,,x,,,,,
Stadtwerke Haan GmbH,Leichlinger Straße 2,42781,Haan,https://stadtwerke-haan.de/home.html,,A,x,,,,x,,,,,
Stadtwerke Hagenow GmbH,Bahnhofstraße 87,19230,Hagenow,https://www.stadtwerke-hagenow.de/,,A,x,,,,x,,,,,
Stadtwerke Haiger,Hüttenstraße 18,35708,Haiger,https://www.stadtwerkehaiger.de/,,A,x,,,,x,,,,,
Stadtwerke Hamm GmbH,Südring 1 - 3,59065,Hamm,https://www.stadtwerke-hamm.de/privatkunden/startseite/,,A,x,,,,x,,,,,
Stadtwerke Hammelburg GmbH,Rote-Kreuz-Str. 44,97762,Hammelburg,https://www.stadtwerke-hammelburg.de/leistungen-stadtwerke-hammelburg/habnet-dsl.html,,R?,,,?,,,,,,,
Stadtwerke Harsewinkel GmbH,Münsterstraße 8,33428,Harsewinkel,https://www.stadtwerke-harsewinkel.de/,,A,x,,,,x,,,,,
Stadtwerke Haslach,Alte Hausacher Str. 1,77716,Haslach,https://stadtwerke-haslach.de/,,A,,,,,,,,,,
Stadtwerke Hattingen GmbH,Weg zum Wasserwerk 23,45525,Hattingen,https://www.stadtwerke-hattingen.de/,,A,x,,,,x,,,,,
Stadtwerke Heide GmbH,Hinrich-Schmidt-Str. 16,25746,Heide,https://www.stadtwerke-heide.de/index.php/startseite.html,,A,x,,,,x,,,,,
Stadtwerke Heidelberg Energie GmbH,Kurfürsten-Anlage 50,69115,Heidelberg,https://www.swhd.de/,,A,x,,,,x,,,,,
Stadtwerke Heidenheim AG,Meeboldstraße 1,89522,Heidenheim,https://www.stadtwerke-heidenheim.de/,,A,x,,,,x,,,,,
Stadtwerke Heilsbronn,Kammereckerplatz 1,91560,Heilsbronn,https://www.heilsbronn-stadtwerke.de/,,A,x,,,,x,,,,,
Stadtwerke Herborn GmbH,Walkmühlenweg 12,35745,Herborn,https://www.stadtwerke-herborn.de/,,A,x,,,,x,,,,,
Stadtwerke Herford GmbH,Werrestr. 103,32049,Herford,https://www.stadtwerke-herford.de/,,A,x,,,,x,,,,,
Stadtwerke Herne AG,Grenzweg 18,44623,Herne,https://www.stadtwerke-herne.de/privatkunden,,A,x,,,,x,,,,,
Stadtwerke Hilden GmbH,Am Feuerwehrhaus 1,40724,Hilden,https://stadtwerke-hilden.de/,,A,,,,,,,,,,
Stadtwerke Hockenheim,Obere Hauptstr. 8,68766,Hockenheim,http://www.stadtwerke-hockenheim.de/,,A,x,,,,x,,,,,
Stadtwerke Holzminden GmbH,Rehwiese 28,37603,Holzminden,https://www.stadtwerke-holzminden.de/,,?,,,,,,,,,x,
Stadtwerke Homburg GmbH,Lessingstr. 3,66424,Homburg,https://www.stadtwerke-homburg.de/startseite.html,,A,x,,,,x,,,,,
Stadtwerke Hünfeld GmbH,Lindenstraße 8,36088,Hünfeld,https://www.stadtwerke-huenfeld.de/,,A,x,,,,x,,,,,
Stadtwerke Husum GmbH,Am Binnenhafen 1,25813,Husum,https://www.stadtwerke-husum.de/,,A,x,,,,x,,,,,
Stadtwerke Iserlohn GmbH,Stefanstr. 4-8,58638,Iserlohn,https://www.heimatversorger.de/de/Netz/,,A,x,,,,x,,,,,
Stadtwerke Itzehoe GmbH,Gasstraße 18,25524,Itzehoe,https://www.stadtwerke-itzehoe.de/,,A,,,,,,,,,,
Stadtwerke Jülich GmbH,An der Vogelstange 2a,52428,Jülich,https://www.stadtwerke-juelich.de/,,A,x,,,,x,,,,,
Stadtwerke Kaarst GmbH,Rathaus Stadt Kaarst,41564,Kaarst,http://www.stadtwerke-kaarst.de/,,R?,,,?,,,,,,,
Stadtwerke Kaltenkirchen GmbH,Kamper Weg 38,24568,Kaltenkirchen,https://www.stadtwerke-kaltenkirchen.de/relaunch/index.php,,A,x,,,,x,,,,x,
Stadtwerke Kamp-Lintfort GmbH,Wilhelmstraße 1a,47475,Kamp-Lintfort,https://www.swkl.de/,,A,x,,,,x,,,,,
Stadtwerke Karlsruhe GmbH,Daxlander Straße 72,76185,Karlsruhe,https://www.stadtwerke-karlsruhe.de/,,A,x,,,,x,,,,,
Stadtwerke Kelheim GmbH & Co. KG,Hallstattstr. 15,93309,Kelheim,https://www.stadtwerke-kelheim.de/,,A,x,,,,x,,,,,
Stadtwerke Kiel AG,Uhlenkrog 32,24113,Kiel,https://www.stadtwerke-kiel.de/swk/de/,,A,x,,,,x,,,,,
Stadtwerke Kleve GmbH,Flutstraße 36,47533,Kleve,https://www.stadtwerke-kleve.de/privatkunden,,A,x,,,,x,,,,,
Stadtwerke Klingenberg Kommunalunternehmen (AöR),Rathausstraße 9,63911,Klingenberg a.Main,https://stadtwerke-klingenberg.de/,,R,,,?,,,,x,,,Gründung der BürgerEnergieWerke Klingenberg GmbH
Stadtwerke Konstanz GmbH,Max-Stromeyerstr.21-29,78467,Konstanz,https://www.stadtwerke-konstanz.de/de/,,R,,,x,,,,,GrünerStrom,,
Stadtwerke Kusel GmbH,Lehnstraße 32,66869,Kusel,https://stadtwerke.kusel.de/home/,,A,x,,,,x,,,,,
Stadtwerke Laage GmbH,Polchower Chaussee 12,18299,Laage,https://stadtwerke-laage.de/index.html,,A,x,,,,x,,,,x,
Stadtwerke Lambrecht (Pfalz) GmbH,Hauptstrasse 14,67466,Lambrecht,https://www.sw-lambrecht.de/,,A,x,,,,x,,,,,
Stadtwerke Langen GmbH,Weserstr. 14,63225,Langen,https://stadtwerke-langen.de/,,A,x,,,,x,,,,,
Stadtwerke Langenzenn,Obere Ringstrasse 17,90579,Langenzenn,https://www.stadtwerke-langenzenn.de/startseite/,,A,x,,,,x,,,,,
Stadtwerke Laufenburg,Hauptstraße 30,79725,Laufenburg,https://www.laufenburg.de/leben-wohnen/stadtwerke/stadtwerke-kontakt/,,A,x,,,,x,,,,,
Stadtwerke Lauterbach GmbH,Hinter dem Spittel 15,36341,Lauterbach,https://www.stadtwerke-lauterbach.de/,,A,x,,,,x,,,,,
Stadtwerke Leipzig GmbH,Eutritzscher Str. 17-19,04105,Leipzig,https://www.l.de/stadtwerke,,A,x,,,,x,,,,,
Stadtwerke Lemgo GmbH,Bruchweg 24,32657,Lemgo,https://www.stadtwerke-lemgo.de/,,A,x,,,,x,,,,,
Stadtwerke Lengerich GmbH,An der Mühlenbreede 4,49525,Lengerich,https://www.swl-unser-stadtwerk.de/,,A,x,,,,x,,,,,
Stadtwerke Lindau (B) GmbH & Co. KG,Auenstraße 12,88131,Lindau (B),https://www.sw-lindau.de/,,R?,,,,,,,,,,
Stadtwerke Lippstadt GmbH,Bunsenstraße 2,59557,Lippstadt,https://www.stadtwerke-lippstadt.com/,,A,x,,,,x,,,,,
Stadtwerke Löbau GmbH,Georgewitzer Strasse 54,02708,Löbau,https://www.sw-l.de/,,A,x,,,,x,,,,,
Stadtwerke Löffingen,Rathausplatz 1,79843,Löffingen,https://www.stadtwerke-loeffingen.de/index.php?id=562,,A,x,,,,x,,,,,
Stadtwerke Lohmar GmbH & Co. KG,Hauptstraße 27 -29,53797,Lohmar,https://www.stadtwerke-lohmar.de/startseite/,,A,x,,,,x,,,,,
Stadtwerke Lübbecke GmbH,Gasstraße 1,32312,Lübbecke,https://www.stadtwerke-luebbecke.de/,,A,x,,,,x,,,,,
Stadtwerke Lübeck GmbH,Geniner Straße 80,23560,Lübeck,https://www.swhl.de/,,A,x,,,,x,,,,,
Stadtwerke Lüdenscheid GmbH,Lennestraße 2,58507,Lüdenscheid,https://www.stadtwerke-luedenscheid.de/Home.aspx,,A,x,,,,x,,,,,
Stadtwerke Ludwigsfelde GmbH,Potsdamer Straße 31,14974,Ludwigsfelde,https://stadtwerke-ludwigsfelde.de/,,A,x,,,,x,,,,,
Stadtwerke Lutherstadt Wittenberg GmbH,Lucas-Cranach-Str. 22,06886,Lutherstadt Wittenberg,https://www.stadtwerke-wittenberg.de/,,A,x,,,,x,,,,,
Stadtwerke Marburg GmbH,Am Krekel 55,35039,Marburg,https://stadtwerke-marburg.de/,,A,x,,,,x,,,,,
Stadtwerke Meerane GmbH,Obere Bahnstr. 10,08393,Meerane,https://www.sw-meerane.de/,,A,x,,,,x,,,,,
Stadtwerke Meiningen GmbH,Utendorfer Straße 122,98617,Meiningen,https://www.stadtwerke-meiningen.de/,,A,x,,,,x,,,,,
Stadtwerke Mengen,Mittlere Straße 40,88512,Mengen,https://www.mengen.de/sw/,,A,x,,,,x,,,,,
Stadtwerke Metzingen,Stuttgarter Straße 59,72555,Metzingen,https://www.stadtwerke-metzingen.de/willkommen,,A,x,,,,x,,,,,
Stadtwerke Mosbach GmbH,Am Henschelberg 6,74821,Mosbach,https://www.swm-online.de/,,A,x,,,,x,,,,x,
Stadtwerke Mössingen,Freiherr-vom-Stein-Str. 18,72116,Mössingen,https://www.stadtwerke-moessingen.de/de/Privatkunden,,A,x,,,,x,,,,x,
Stadtwerke Mühlacker GmbH,Danzigerstraße 13,75417,Mühlacker,https://www.stadtwerke-muehlacker.de/sw/,,A,x,,,,x,,,,,
Stadtwerke Mühldorf a. Inn GmbH & Co.KG,Weserstraße 4,84453,Mühldorf a. Inn,https://stadtwerke-muehldorf.de/,,A,x,,,,x,,,,,
Stadtwerke Mühlhausen GmbH,Windeberger Landstraße 73,99974,Mühlhausen,https://www.stadtwerke-muehlhausen.de/,,A,x,,,,x,,,,,
Stadtwerke Mühlheim am Main GmbH,Dietesheimer Straße 70,63165,Mühlheim,https://www.stadtwerke-muehlheim.de/,,R?,,,,,,,,,,
Stadtwerke MüllheimStaufen GmbH,Marktstraße 1-3,79379,Müllheim,https://alemannenenergie.de/,,R,,,x,,,,,"TÜV Nord, OKPower+ option",x,
Stadtwerke Munster-Bispingen GmbH,Rehrhofer Weg 127-133,29633,Munster,https://ihr-stadtwerk.de/stadtwerke.html,,A,x,,,,x,,,,,
Stadtwerke Neuffen AG,Bahnhofstr. 32,72639,Neuffen,https://www.stadtwerke-neuffen-ag.de/,,A,x,,,,x,,,,,
Stadtwerke Neu-Isenburg GmbH,Schleussnerstr. 62,63263,Neu-Isenburg,https://www.swni.de/,,A,x,,,,x,,,,,
Stadtwerke Neumarkt in der Oberpfalz,Ingolstädter Straße 18,92318,Neumarkt i.d.Opf.,https://www.swneumarkt.de/,,A,x,,,,x,,,,,
Stadtwerke Neuruppin GmbH,Heinrich-Rau-Str. 3,16816,Neuruppin,https://www.swn.de/start.html,,A,x,,,,x,,,,,
Stadtwerke Neuss Energie und Wasser GmbH,Moselstraße 25-27,41464,Neuss,https://www.stadtwerke-neuss.de/,,R?,,,,,,,,,,
Stadtwerke Neustadt am Rübenberge GmbH & Co. KG,Herzstr. 3,31535,Neustadt a. Rgbe.,https://www.stadtwerke-neustadt.de/sw/,,A,x,,,,x,,,,,
Stadtwerke Neustadt an der Aisch GmbH,Markgrafenstrasse 24,91413,Neustadt a.d. Aisch,https://www.neustadtwerke.de/,,R?,,,,,,,,,x,
Stadtwerke Neustadt an der Orla GmbH,Ernst-Thälmann-Straße 18,07806,Neustadt an der Orla,https://www.stadtwerke-neustadt-orla.de/,,A,x,,,,x,,,,,
Stadtwerke Neustadt an der Weinstraße GmbH,Schlachthofstrasse 60,67433,Neustadt an der Weinstrasse,https://www.swneustadt.de/energieanbieter/privatkunden/,,B,,24.9% beteiligung der Pfalzwerke AG,x,,,,,Renewable+,,
Stadtwerke Neustadt in Holstein,Ziegelhof 8,23730,Neustadt,http://www.stwnh.de/stadtwerke-neustadt-in-holstein.html,,A,x,,,,x,,,,,
Stadtwerke Neustrelitz GmbH,Wilhelm-Stolte-Straße 90,17235,Neustrelitz,https://www.stadtwerke-neustrelitz.de/privatkunden/,,A,x,,,,x,,,,,
Stadtwerke Neuwied GmbH,Hafenstraße 90,56564,Neuwied,https://www.swn-neuwied.de/swn/swn/,,A,x,,,,x,,,,,
Stadtwerke Niebüll GmbH,Ostring 5,25899,Niebüll,https://www.sw-nf.de/,,A,,,,,,,,,,
Stadtwerke Norden,Feldstr. 10,26506,Norden,https://www.stadtwerke-norden.de/,,A,x,,,,x,,,,,
Stadtwerke Norderney GmbH,Jann-Berghausstraße 34,26548,Norderney,https://stadtwerke-norderney.de/,,A,x,,,,x,,,,,
Stadtwerke Norderstedt,Heidbergstr. 101-111,22846,Norderstedt,https://www.stadtwerke-norderstedt.de/,,A,x,,,,x,,,,,
Stadtwerke Nortorf AöR,Poststr. 21,24589,Nortorf / Holstein,https://www.stadtwerke-nortorf.de/index.php/startseite.html,,A,x,,,,x,,,,,
Stadtwerke Nürtingen GmbH,Porschestraße 5-9,72622,Nürtingen,https://sw-nuertingen.de/startseite/,,A,x,,,,x,,,,,
Stadtwerke Oberkirch GmbH,Appenweierer Str. 54,77704,Oberkirch,https://www.stadtwerke-oberkirch.de/,,A,,,,,,,,,,
Stadtwerke Olching GmbH,Ilzweg 1,82140,Olching,https://stadtwerke-olching.de/,,R?,,,?,,,,x,,,
Stadtwerke Oranienburg GmbH,Klagenfurter Str. 41,16515,Oranienburg,https://stadtwerke-oranienburg.de/,,A,x,,,,x,,,,,
Stadtwerke Osnabrück AG,Alte Poststraße 9,49074,Osnabrück,https://www.stadtwerke-osnabrueck.de/privatkunden.html,,A,x,,,x,x,,,,,
Stadtwerke Passau GmbH,Regensburger Straße 29,94036,Passau,https://www.stadtwerke-passau.de/,,A,x,,,,x,,,,x,
Stadtwerke Peine GmbH,Woltorfer Str. 64,31224,Peine,https://www.stadtwerke-peine.de/stadtwerke-peine/,,A,x,,,,x,,,,,
Stadtwerke Pfaffenhofen a. d. Ilm,Michael-Weingartner-Straße 11,85276,Pfaffenhofen a. d. Ilm,https://www.stadtwerke-pfaffenhofen.de/,mail@stadtwerke-pfaffenhofen.de,R,,,x,,,,,,,Ökostromtarif ohne EEG Anteil
Stadtwerke Pfarrkirchen,Äußere-Simbacher-Str. 7,84347,Pfarrkirchen,https://www.swpan.de/home/,,A,x,,,,x,,,,,
Stadtwerke Pfullendorf GmbH,Bahnhofstr. 6,88630,Pfullendorf,https://pfullendorf.de/stadtwerke/,,A,x,,,,x,,,,,
Stadtwerke Pinneberg GmbH,Am Hafen 67,25421,Pinneberg,https://www.stadtwerke-pinneberg.de/,,A,x,,,,x,,,,,
Stadtwerke Pirmasens Versorgungs GmbH,An der Streckbrücke 4,66954,Pirmasens,https://www.stadtwerke-pirmasens.de/,,A,,,,,,,,,,
Stadtwerke Plön Versorgung GmbH,Lübecker Str. 20,24306,Plön,https://stadtwerke-ploen.de/,,?,,,,,,,,Okpower?,x,
Stadtwerke Prenzlau GmbH,Freyschmidtstraße 20,17291,Prenzlau,https://www.stadtwerke-prenzlau.de/,,A,x,,,,x,,,,,
Stadtwerke Pritzwalk GmbH,Gartenstraße 8,16928,Pritzwalk,https://www.sw-pritzwalk.de/,,A,x,,,,x,,,,,
Stadtwerke Pulheim GmbH,Christianstraße 39,50259,Pulheim,https://www.stadtwerke-pulheim.de/index.php?id=255&no_cache=1,,A,x,,,,x,,,,,
Stadtwerke Quedlinburg GmbH,Rathenaustr. 9,06484,Quedlinburg,https://www.stadtwerke-quedlinburg.de/,,A,x,,,,x,,,,,
Stadtwerke Quickborn GmbH,Pinneberger Str. 2,25451,Quickborn,https://www.stadtwerke-quickborn.de/,,A,x,,,,x,,,,,
Stadtwerke Radolfzell GmbH,Untertorstraße 7-9,78315,Radolfzell,https://www.stadtwerke-radolfzell.de,,A,,,,,,,,,,
Stadtwerke Ramstein-Miesenbach GmbH,Am Neuen Markt 8,66877,Ramstein-Miesenbach,https://www.stadtwerke-ramstein.de,,A,,,,,,,,,,
Stadtwerke Rastatt GmbH,Markgrafenstraße 7,76437,Rastatt,https://www.stadtwerke-rastatt.de,,A,,,,,,,,,,
Stadtwerke Ratingen GmbH,Sandstr.36,40878,Ratingen,Stadtwerke Ratingen GmbH,,A,,,,,,,,,,
Stadtwerke Reichenbach/Vogtland GmbH,Roßplatz 13,08468,Reichenbach,https://www.swrc.de,,A,,,,,,,,,,
Stadtwerke Rendsburg GmbH,Am Eiland 12,24768,Rendsburg,https://www.stadtwerke-rendsburg.de,,A,,,,,,,,,,
Stadtwerke Rinteln GmbH,Bahnhofsweg 6,31737,Rinteln,https://www.stadtwerke-rinteln.de/,,A,,,,,,,,,,
Stadtwerke Rosenheim Versorgungs GmbH,Bayerstraße 5,83022,Rosenheim,https://www.swro.de,,A,,,,,,,,,,
Stadtwerke Rostock AG,Schmarler Damm 5,18069,Rostock,https://www.swrag.de,,A,13% Erdgas,,,,,,,,,
Stadtwerke Rotenburg (Wümme) GmbH,Mittelweg 19,27356,Rotenburg (Wümme),http://www.stadtwerke-rotenburg.de,,A,,,,,,,,,,
Stadtwerke Roth,Sandgasse 23,91154,Roth,https://stadtwerke-roth.de,,A,,,,,,,,,,
Stadtwerke Rothenburg o.d.T. GmbH,Steinweg 25,91541,Rothenburg o.T.,https://www.stadtwerke-rothenburg.de,,A,,,,,,,,,,
Stadtwerke Rottenburg am Neckar GmbH,Siebenlindenstraße 19,72108,Rottenburg am Neckar,https://www.sw-rottenburg.de,info@sw-rottenburg.de,R,,,x,,,,x,,,Bioerdgas
Stadtwerke Saalfeld GmbH,Remschützer Str. 42,07318,Saalfeld,https://www.stadtwerke-saalfeld.de,,A,,,,,,,,,,
Stadtwerke Schaumburg-Lippe GmbH,An der Gasanstalt 6,31675,Bückeburg,https://www.stadtwerke-schaumburg-lippe.de,,A,,,,,,,,,,
Stadtwerke Scheinfeld,Karl-Lax-Str. 1,91443,Scheinfeld,https://www.stw-scheinfeld.de,,A,,,,,,,,,,
Stadtwerke Schifferstadt,Mühlstraße 18,67105,Schifferstadt,https://www.sw-schifferstadt.de,,A,,,,,,,,,,
Stadtwerke Schkeuditz GmbH,Edisonstr. 36,04435,Schkeuditz,https://www.stadtwerke-schkeuditz.de,,A,,,,,,,,,,
Stadtwerke Schlitz,An der Kirche 4,36110,Schlitz,http://www.stadtwerke-schlitz.de,,A,,,,,,,,,,
Stadtwerke Schneverdingen-Neuenkirchen GmbH,Harburgerstr 21,29640,Schneverdingen,https://www.heidjers-stadtwerke.de,,A,,,,,,,,,,
Stadtwerke Schorndorf GmbH,Augustenstraße 7,73614,Schorndorf,https://www.stadtwerke-schorndorf.de,,A,,,,,,,,,,
Stadtwerke Schramberg GmbH & Co. KG,Gustav-Maier-Straße 11,78713,Schramberg,https://www.stadtwerke-schramberg.de,,A,,,,,,,,,,
Stadtwerke Schüttorf-Emsbüren GmbH,Quendorfer Straße 34,48465,Schüttorf,https://www.swse.de,,A,,,,,,,,,,
Stadtwerke Schwabach GmbH,Ansbacher Straße.14,91126,Schwabach,https://www.stadtwerke-schwabach.de,,A,,,,,,,,,,
Stadtwerke Schwäbisch Gmünd GmbH,Bürgerstraße 5,73525,Schwäbisch Gmünd,https://www.stwgd.de,,?,,,,,,,,,x,
Stadtwerke Schwäbisch Hall GmbH,An der Limpurgbrücke 1,74523,Schwäbisch Hall,https://www.stadtwerke-hall.de,,A,,,,,,,,,,
Stadtwerke Schwedt GmbH,Heinersdorfer Damm 55 - 57,16303,Schwedt/Oder,https://stadtwerke-schwedt.de,,A,,,,,,,,,,
Stadtwerke Schwentinental GmbH,Seebrooksberg 1,24222,Schwentinental,https://www.stadtwerke-schwentinental.de,,A,,,,,,,,,,
Stadtwerke Schwerin GmbH (SWS),Eckdrift 43-45,19061,Schwerin,https://stadtwerke-schwerin.de,,A,,,,,,,,,,
Stadtwerke Schwetzingen GmbH & Co. KG,Scheffelstr. 16,68723,Schwetzingen,https://www.stadtwerke-schwetzingen.de,,B,,vertreibt Strom von NaturEnergie / Energiedienst,,,,,,,,
Stadtwerke Sigmaringen,Fürst-Wilhelm-Str.15,72488,Sigmaringen,https://www.stadtwerke-sigmaringen.de,,A,,,,,,,,,,
Stadtwerke Soest GmbH,Aldegreverwall 12,59494,Soest,https://www.stadtwerke-soest.de,,A,,,,,,,,,,
Stadtwerke Solingen GmbH,Beethovenstr. 210,42655,Solingen,https://www.stadtwerke-solingen.de,,A,,,,,,,,,,
Stadtwerke Soltau GmbH & Co. KG,Weinberg 46,29614,Soltau,https://www.sw-soltau.de,info@sw-soltau.de,R,,,?,,,,x,TÜV Rheinland,,"bietet 100% ""Naturgas"""
Stadtwerke Sondershausen GmbH,Johann-Karl-Wezel-Straße 65,99706,Sondershausen,https://www.stadtwerke-sondershausen.de,,A,,,,,,,,,,
Stadtwerke Speyer GmbH,Georg-Peter-Süß Str. 2,67346,Speyer,https://www.stadtwerke-speyer.de,,A,,,,,,,,,,
Stadtwerke Springe GmbH,Zum Oberntor 19,31832,Springe,https://www.stadtwerke-springe.de,,A,,,,,,,,,,
Stadtwerke Stade GmbH,Hansestr. 18,21682,Stade,https://www.stadtwerke-stade.de,,A,,,,,,,,,,
Stadtwerke Staßfurt GmbH,Athenslebener Weg 15,39418,Staßfurt,http://www.stadtwerke-stassfurt.de,,A,,,,,,,,,,
Stadtwerke Stein GmbH & Co. KG,Wilhelmstraße 5,90547,Stein,https://www.stst.de,,A,,,,,,,,,,
Stadtwerke Stendal GmbH,Rathenower Str. 1,39576,Stendal,https://www.stadtwerke-stendal.de,,A,,,,,,,,,,
Stadtwerke Stockach GmbH,Ablaßwiesen 8,78333,Stockach,https://www.stadtwerke-stockach.de,,B,,"ENBW Beteiligung: 25,1%",?,,,,x,,, Angebot mit Biogas Anteil
Stadtwerke Straubing Strom und Gas GmbH,Sedanstraße 10 - Heerstraße 43,94315,Straubing,https://www.stadtwerke-straubing.com,,B,,"Bayernwerk AG, Beteoligung 19,9%",,,,,,,,
Stadtwerke Strausberg GmbH,Kastanienallee 38,15344,Strausberg,https://ssg-strausberg.de,,A,,,,,,,,,,
Stadtwerke Suhl/Zella-Mehlis GmbH,Fröhliche-Mann-Straße 2,98528,Suhl,https://www.swsz.de,,A,,,,,,,,,,
Stadtwerke Tecklenburger Land Energie GmbH,Zechenstraße 10,49477,Ibbenbüren,https://www.stadtwerke-tecklenburgerland.de,,?,,,,,,,,,x,
Stadtwerke Teterow GmbH,Gasstraße 26,17166,Teterow,https://sw-teterow.de,,A,,,,,,,,,,
Stadtwerke Thale GmbH,Tunnelweg 2,06502,Thale,https://www.stadtwerke-thale.de,,A,,,,,,,,,,
Stadtwerke Torgau GmbH,Fischerdörfchen 11,04860,Torgau,https://stadtwerke-torgau.de,,A,,,,,,,,,,
Stadtwerke Tornesch GmbH,Esinger Straße 1,25436,Tornesch,https://www.sw-tornesch.de,,A,,,,,,,,,,
Stadtwerke Traunstein GmbH & Co. KG,Gasstrasse 37,83278,Traunstein,https://www.stadtwerketraunstein.de,,A,,,,,,,,,,
Stadtwerke Treuchtlingen,Dürerstraße 26,91757,Treuchtlingen,https://www.sw-trl.de,,A,,,,,,,,,,
Stadtwerke Troisdorf GmbH,Poststr. 105,53840,Troisdorf,https://www.stadtwerke-troisdorf.de,infocenter@stadtwerke-troisdorf.de,R,,,?,,,,x,Renewable PLUS,,
Stadtwerke Trostberg Stromversorgung GmbH,Friedrich-Ebert-Str. 2,83308,Trostberg,https://www.stadtwerke-trostberg.de,,A,,,,,,,,,,
Stadtwerke Tübingen GmbH,Eisenhutstr.6,72072,Tübingen,https://www.swtue.de,,A,,,,,,,,,,
Stadtwerke Tuttlingen GmbH,Bahnhofstr. 120,78532,Tuttlingen,https://www.swtenergie.de,,A,,,,,,,,,,
Stadtwerke Uelzen GmbH,Im neuen Felde 105,29525,Uelzen,https://www.stadtwerke-uelzen.de,,A,,,,,,,,,,
Stadtwerke Uffenheim,Ringstraße 10,97215,Uffenheim,https://www.stadtwerke-uffenheim.de,,A,,,,,,,,,,
Stadtwerke Unna GmbH,Heinrich-Hertz-Str. 2,59423,Unna,https://www.sw-unna.de,,A,,,,,,,,,,
Stadtwerke Uslar GmbH,Alleestr. 6-8,37170,Uslar,https://www.stadtwerke-uslar.de,info@stadtwerke-uslar.de,R?,?,,?,,,,,,,
Stadtwerke Velten GmbH,Viktoriastr. 12,16727,Velten,https://www.stadtwerke-velten.de,,A,,,,,,,,,,
Stadtwerke Verden GmbH,Weserstraße 26,27283,Verden,https://www.stadtwerke-verden.de,,A,,,,,,,,,,
Stadtwerke Viernheim GmbH,Industriestraße 2,68519,Viernheim,https://www.stadtwerke-viernheim.de,,A,,,,,,,,,,
Stadtwerke Villingen-Schwenningen GmbH,Pforzheimer Str. 1,78048,Villingen-Schwenningen,https://www.svs-energie.de,,A,,,,,,,,,,
Stadtwerke Vilsbiburg,Kindlmühlestraße 2,84137,Vilsbiburg,https://www.stw-vilsbiburg.de,,A,,,,,,,,,,
Stadtwerke Wachenheim,Weinstr. 16,67157,Wachenheim,https://www.swwachenheim.de,info@swwachenheim.de,R?,"0,8% Gas",,?,,,,,,,
Stadtwerke Waiblingen GmbH,Schorndorfer Straße 67,71332,Waiblingen,https://stadtwerke-waiblingen.de,,A,,,,,,,,,,
Stadtwerke Waldkirch GmbH,Fabrikstraße 15,79183,Waldkirch,http://www.stadtwerke-waldkirch.de,avdimetaj@sw-waldkirch.de,R,,,,,,,x,,,
Stadtwerke Waldkraiburg GmbH,Meisenweg 1,84478,Waldkraiburg,https://www.waldkraiburg.de,,A,,,,,,,,,,
Stadtwerke Waldshut-Tiengen GmbH,Peter-Thumb-Str. 1,79761,Waldshut-Tiengen,https://www.stadtwerke-wt.de,,A,,,,,,,,,,
Stadtwerke Walldorf GmbH & Co. KG,Altrottstraße 39,69190,Walldorf,https://www.stadtwerke-walldorf.de,,A,,,,,,,,,,
Stadtwerke Wasserburg a. Inn,Max-Emanuel-Platz 6,83512,Wasserburg a. Inn,http://www.stadtwerke-wasserburg.de,,A,,,,,,,,,,
Stadtwerke Wedel GmbH,Feldstraße 150,22880,Wedel,https://www.stadtwerke-wedel.de,,A,,,,,,,,,,
Stadtwerke Weiden i.d.OPf.,Gaswerkstr. 20,92637,Weiden i.d.OPf.,https://stadtwerke-weiden.de,,A,,,,,,,,,,
Stadtwerke Weilburg GmbH,Lessingstraße 6,35781,Weilburg,https://www.stadtwerke-weilburg.de,,A,,,,,,,,,,
Stadtwerke Weilheim i.OB,Krumpperstraße 21,82362,Weilheim i.OB,http://www.stawm.de,,A,,,,,,,,,,
Stadtwerke Weimar Stadtversorgungs-GmbH,Industriestraße 14,99427,Weimar,https://sw-weimar.de,,A,,,,,,,,,,
Stadtwerke Weinheim GmbH,Breitwieserweg 5,69469,Weinheim,https://www.sww.de,,A,,,,,,,,,,
Stadtwerke Weißenburg GmbH,Schlachthofstraße 19,91781,Weißenburg / Bayern,https://www.sw-wug.de,,A,,,,,,,,,,
Stadtwerke Weißenfels GmbH,Südring 120,06667,Weißenfels,https://stadtwerke-wsf.de,,A,,,,,,,,,,
Stadtwerke Werdau GmbH,Zwickauer Straße 39,08412,Werdau,https://www.stadtwerke-werdau.de,info@stadtwerke-werdau.de,R?,,,?,,,,,,,
Stadtwerke Wernigerode GmbH,Am Kupferhammer 38,38855,Wernigerode,https://www.stadtwerke-wernigerode.de,,A,,,,,,,,,,
Stadtwerke Wertheim GmbH,Mühlenstr. 60,97877,Wertheim,https://www.stadtwerke-wertheim.de,,A,,,,,,,,,,
Stadtwerke Wesel GmbH,Emmericher Str. 11 - 29,46485,Wesel,https://www.stadtwerke-wesel.de,sww@stadtwerke-wesel.de,R?,,,?,,,,,,,
Stadtwerke Weserbergland GmbH,Hafenstraße 14,31785,Hameln,https://www.stadtwerke-weserbergland.de,,A,,,,,,,,,,
Stadtwerke Willich GmbH,Brauereistraße 7,47877,Willich,https://stadtwerke-willich.de/,,A,,,,,,,,,,
Stadtwerke Wilster,Klosterhof 31,25554,Wilster,https://www.stadtwerke-wilster.de,,A,,,,,,,,,,
Stadtwerke Winnenden GmbH,Wiesenstr. 10,71364,Winnenden,https://stadtwerke-winnenden.de,,A,,,,,,,,,,
Stadtwerke Winsen (Luhe) GmbH,Schloßring 50,21423,Winsen (Luhe),https://www.stw-winsen.de,,A,,,,,,,,,,
Stadtwerke Wismar GmbH,Flöter Weg 6 -12,23970,Wismar,https://www.stadtwerke-wismar.de,,A,,,,,,,,,,
Stadtwerke Wolfenbüttel GmbH,Am Wasserwerk 2,38304,Wolfenbüttel,https://www.stadtwerke-wf.de,,A,,,,,,,,,,
Stadtwerke Wolfhagen GmbH,Siemensstraße 10,34466,Wolfhagen,https://www.stadtwerke-wolfhagen.de,info@stadtwerke-wolfhagen.de,R?,Kohle-Atomstrom unter 10%,,x,,,,x,x,,hohes engagement
Stadtwerke Würzburg AG,Haugerring 5,97070,Würzburg,https://www.wvv.de,,A,,,,,,,,,,
Stadtwerke Zeil am Main,Bamberger Str. 20,97475,Zeil a. Main,https://stadtwerke-zeil.de,,A,,,,,,,,,,
Stadtwerke Zeitz GmbH,Geußnitzer Straße 74,06712,Zeitz,https://www.stadtwerke-zeitz.de,,A,,,,,,,,,,
Stadtwerke Zeven GmbH,Vitus-Platz 1,27404,Zeven,https://www.stadtwerke-zeven.de,,A,,,,,,,,,,
Stadtwerke Zirndorf GmbH,Schützenstr. 12,90513,Zirndorf,https://www.stadtwerke-zirndorf.de,,A,,,,,,,,,,
Stadtwerke Zittau GmbH,Friedensstraße 17,02763,Zittau,https://stadtwerke-zittau.de,,A,,,,,,,,,,
Stadtwerke Zweibrücken GmbH,Gasstraße 1,66482,Zweibrücken,https://www.stadtwerke-zw.de,,A,,,,,,,,,,
Stadtwerke Zwiesel,Fürhaupten 9,94227,Zwiesel,https://stadtwerke.zwiesel.de,,A,,,,,,,,,,
Stadtwerkenergie Ostwestfalen-Lippe GmbH,Am Gelskamp 10,32758,Detmold,https://www.stadtwerke-detmold.de,,R,,,x,,,,x,TÜV Nord,,
STAWAG Stadtwerke Aachen Aktiengesellschaft,Lombardenstr. 12-22,52070,Aachen,https://www.stawag.de/,,A,,,,,,,,,,
stm Stadtwerke Meerbusch GmbH,Kaarster Straße 135,40670,Meerbusch,https://stadtwerke-meerbusch.de,,A,,,,,,,,,,
Strom von Föhr Vertriebs-GmbH,Buurnstrat 79,25938,Oevenum,https://www.strom-von-foehr.de/,info@strom-von-foehr.de,R,,,x,,,,x,TÜV Nord,,
Stromio GmbH,Postfach 1463,39004,Magdeburg,https://www.stromio.de,,A,,,,,,,,,,
Stromversorgung der Gemeinde Hemhofen,Blumenstraße 25,91334,Hemhofen,https://www.hemhofen.de,,A,,,,,,,,,,
Stromversorgung Greding eG,Marktplatz 9,91171,Greding,https://www.raiba-gretha.de,,A,,,,,,,,,,
Stromversorgung Greifswald GmbH,Gützkower Landstraße 19-21,17489,Greifswald,https://www.sw-greifswald.de,,A,,,,,,,,,,
Stromversorgung Inzell eG,Bauhofstr. 15,83334,Inzell,https://www.stromversorgung-inzell.de,info@sv-inzell.de,R?,,,,,,,,,,
Stromversorgung Neunkirchen GmbH,Sichartstraße 49,91207,Lauf a. d. Pegnitz,http://www.stwl.lauf.de,info@stwl.lauf.de,R,,,x,,,,x,GrünerStrom,,bio Erdgas
Stromversorgung Ruhpolding GmbH,Rathausstraße 12,83324,Ruhpolding,https://www.strom-ruhpolding.de,,B,,Zusammenarbeit mit dem Bayernwerk,,,,,,,,
Stromversorgung Schierling eG,Dorfmühlstraße 4,84069,Schierling,http://www.schierling-strom.de,,A,,,,,,,,,,
Stromversorgung Seebruck eG,Haushofer Str. 20,83358,Seebruck am Chiemsee,https://chiemsee-strom.com,,A,,,,,,,,,,
Stromversorgung Sulz GmbH,Am Markplatz 1,72172,Sulz a. N.,https://www.stromversorgung-sulz.de,,A,,,,,,,,,,
Stromversorgung Zerbst GmbH & Co. KG,Dessauer Str. 76,39261,Zerbst,https://www.stadtwerke-zerbst.de,,A,,,,,,,,,,
strotög GmbH Strom für Töging,Werkstraße 1,84513,Töging a. Inn,https://www.strotoeg.de,,A,,,,,,,,,,
stuttgartENERGIE - eine Marke der Stadtwerke Stuttgart Vertriebsgesellschaft mbH,Friedrichstraße 45,70174,Stuttgart,https://www.stadtwerke-stuttgart.de,kundencenter@stadtwerke-stuttgart.de,R,,,?,,,,x,TÜV Nord,,
susiEnergie GmbH,Gerberstraße 7,88250,Weingarten,https://www.susi-energie.de,info@susi-energie.de,R,,,x,,,,,"TÜV Nord, OK Power",,
Süwag Vertrieb AG & Co. KG,Schützenbleiche 9-11,65929,Frankfurt am Main,https://www.suewag.de,,A,,,,,,,,,,
SVH Stromversorgung Haar GmbH,Blumenstr. 3,85540,Haar,https://www.haar24.com,,A,"3,5% Kohle-Atomstrom", beteiligung der NERGIE,x,,,,,,,
SVI - Stromversorgung Ismaning GmbH,Mayerbacherstr. 42,85737,Ismaning,https://stromversorgung-ismaning.de,,A,,,,,,,,,,
SVO Vertrieb GmbH,Sprengerstraße 2,29223,Celle,https://www.svo.de,,A,,,,,,,,,,
SVS-Versorgungsbetriebe GmbH,Von-Ardenne-Straße 8,48703,Stadtlohn,https://www.svs-versorgung.de,,A,,,,,,,,,,
SWB Stadtwerke Biedenkopf GmbH,Mühlweg 16,35216,Biedenkopf,https://www.stadtwerke-biedenkopf.de,,A,,,,,,,,,,
SWK Stadtwerke Kaiserslautern Versorgungs AG,Bismarckstraße 14,67655,Kaiserslautern,https://www.swk-kl.de,,A,,,,,,,,,,
SWM Versorgungs GmbH,Emmy-Noether-Straße 2,80992,München,https://www.swm.de,,A,,,,,,,,,,
SWN Stadtwerke Northeim GmbH,Am Mühlenanger 1,37154,Northeim,https://www.stadtwerke-northeim.de,,A,,,,,,,,,,
SWP Stadtwerke Pforzheim GmbH & Co. KG,Sandweg 22,75179,Pforzheim,https://www.stadtwerke-pforzheim.de,,A,,,,,,,,,,
SWS Energie GmbH,Frankendamm 7,18439,Stralsund,https://www.stadtwerke-stralsund.de,,A,,,,,,,,,,
SWT Stadtwerke Trier Versorgungs-GmbH,Ostallee 7-13,54290,Trier,https://www.swt.de,,A,,,,,,,,,,
SWW Wunsiedel GmbH,Rot-Kreuz-Str. 6,95632,Wunsiedel,https://www.s-w-w.com,,A,,,,,,,,,,
TauberEnergie Kuhn,Engelsbergstraße 1,97980,Bad Mergentheim,https://www.tauberenergie-kuhn.de/,,R?,x,x,,,,,teilweise,für Energie aus dem Parterkraftwerk,,regional
TEAG Thüringer Energie AG,Schwerborner Straße 30,99087,Erfurt,https://www.thueringerenergie.de/Default,,A,,,,,,,,,,
team energie GmbH & Co. KG,team Allee 22,24392,Süderbrarup,https://www.team.de/energie.html,,?,,x,?,?,,,,,,Kaufen 100% Strom aus Wasserkraft aus Norwegen; Netzbetreiber in Berlin wäre Vattenfall - was heißt das?
Technische Werke Ludwigshafen AG,Industriestraße 3,67063,Ludwigshafen,https://www.twl.de/privatkunden/,,A,,,,,,,,,,regional
Technische Werke Osning GmbH,Gartnischer Weg 127,33790,Halle in Westfalen,https://www.two.de/,,A,,,,,,,,,,regional
Technische Werke Schussental GmbH & Co. KG,Schussenstraße 22,88212,Ravensburg,https://www.tws.de/startseite,,R,,,,,,,,"TÜV, ok-power",,regional
Teckwerke Bürgerenergie eG,Paradiesstr. 23 - 25,73230,Kirchheim unter Teck,https://teckwerke.de/,,R,,,,,,,,"TÜV, grüner strom",,regional
Teutoburger Energie Netzwerk eG,Höhenweg 14,49170,Hagen a.T.W,https://www.ten-eg.de/,,A,,,,,,,,,,
Thüga Energie GmbH,Industriestraße 9,78224,Singen,https://thuega-energie-gmbh.de/Privatkunden.13037.html,,A,,,,,,,,,,
Turbine - eine Marke der Städtischen Werke Magdeburg GmbH & Co. KG,Am Alten Theater 1,39104,Magdeburg,https://www.turbine-energie.de/,,A,,,,,,,,,,
TWH - Technische Werke Herbrechtingen GmbH,Bauhofstraße 8,89542,Herbrechtingen,https://www.twh-gmbh.de/,,A,,,,,,,,,,
Überlandwerk Erding GmbH & Co. KG,Am Gries 21,85435,Erding,https://www.stadtwerke-erding.de/de/Strom/Rechtliches-Veroeffentlichungspflichten/,,A,,gehört zu den Stadtwerken,,,,,,,,
Überlandwerk Krumbach GmbH,Bahnhofstraße 4,86381,Krumbach,https://www.uewk.de/,,R,,,,,,,,,,
Überlandwerk Leinetal GmbH,Am Eltwerk 1,31028,Gronau,https://www.uewl.de/,,A,,,,,,,,,,
Überlandwerk Rhön GmbH,Sondheimer Str. 5,97638,Mellrichstadt,https://www.uew-rhoen.de/,,A,,,,,,,,,,
Überlandwerk Schäftersheim GmbH & Co. KG,Klosterhof 3,97990,Weikersheim,https://www.uews.de/privat-gewerbekunden/!ut/p/z1/hY_BCoJAEIafpYNXZ1II66ZCoWFmUdpeQmNbBXVl3drXb6kuhtLcZv7vm2GAQAakzZ8Vy2XF27zW_YUsrlHg49yLMYpP5zUm2-i4dBI_CNGC9B9AdIwT5aL2yRuZ2GDv8Av8mt7B8mzETWyNAoMjIRBW8-Lzj9sWtsOACHqnggrzIfS4lLLrVwYaqJQyGeespuaNNwaOKSXvJWRDEromw2rfpE7vzl6J9qm7/dz/d5/L2dBISEvZ0FBIS9nQSEh/,,A,,,,,,,,,,
Unterfränkische Überlandzentrale Lülsfeld eG,Schallfelder Straße 11,97511,Lülsfeld,https://www.uez.de/,,A,,,,,,,,,,
ÜZW Energie AG,Regensburger Straße 33,84051,Altheim,https://uezw-energie.de/,,R,,,,,,,,,,
Vattenfall Europe Sales GmbH,Überseering 12,22297,Hamburg,https://www.vattenfall.de/,,A,,,,,,,,,,
Verbands- und Gemeindewerke Rülzheim,Am Deutschordensplatz 1,76761,Rülzheim,https://www.gemeindewerke-ruelzheim.de/startseite/startseite.html,,R,?,,,,,,,,,
Verbandsgemeinde Weilerbach Elektrizitätsversorgung,Rummelstr. 15,67685,Weilerbach,https://www.evu-weilerbach.de/werkverwaltung/index.html,,R,?,,,,,,,,,
Verbandsgemeindewerk Bruchmühlbach-Miesau,Am Rathaus 2,66892,Bruchmühlbach-Miesau,?,,?,?,?,?,?,?,,,,,"wohl regional, aber keine Webseite vorhanden"
Verbandsgemeindewerke Dahner Felsenland,Schulstraße 29,66994,Dahn,https://www.werke-dahner-felsenland.de/,,A,,,,,,,,,,
Verbandsgemeindewerke Enkenbach-Alsenborn,Hauptstr. 18,67677,Enkenbach-Alsenborn,http://www.werke-enkenbach-alsenborn.de/,,A,,,,,,,,,,
Vereinigte Gas- und Wasserversorgung GmbH,Ringstraße 144,33378,Rheda-Wiedenbrück,https://www.vgw-gmbh.de/,,R,,,,,,,,,,
Vereinigte Stadtwerke GmbH,Schweriner Straße 90,23909,Ratzeburg,https://www.vereinigte-stadtwerke.de/privatkunden/strom/strom-informationen/stromzusammensetzung,,A,,,,,,,,,,
Vereinigte Wertach-Elektrizitätswerke GmbH,Neugablonzer Straße 21,87600,Kaufbeuren,https://www.vwew-energie.de/,,A,,,,,,,,,,
Versorgungsbetrieb Waldbüttelbrunn GmbH,Lindenstraße 3,97297,Waldbüttelbrunn,https://www.vwg-energie.de/,,A,,,,,,,,,,
Versorgungsbetriebe Bordesholm GmbH,Bahnhofstr. 13,24582,Bordesholm,https://www.vb-bordesholm.de/,,R,,,,,,,,TÜV Rheinland,,
Versorgungsbetriebe Elbe GmbH,Hamburger Straße 9-11,21481,Lauenburg/Elbe,https://www.versorgungsbetriebe-elbe.de/,,R,,,,,,,,,,
Versorgungsbetriebe Hann. Münden GmbH,Werraweg 24,34346,Hann. Münden,https://www.versorgungsbetriebe.de/,,A,,,,,,,,,,
Versorgungsbetriebe Hoyerswerda GmbH,Industriegelände Str. A Nr. 7,02977,Hoyerswerda,https://www.vbh-hoy.de/Stromkennzeichnung,,A,,,,,,,,,,
Versorgungsbetriebe Kronshagen GmbH,Kopperpahler Allee 7,24119,Kronshagen,https://www.vbk-kronshagen.de/stromprodukte/informationen/strommix/,,A,,,,,,,,,,
Versorgungsbetriebe Zellingen,Würzburger Straße 26,97225,Zellingen,http://www.markt-zellingen.de/seite/ze/main-spessart/124/-/Strom_-Energie.html,,A,,,,,,,,,,
vivi-power GmbH,Industriestraße 2,68519,Viernheim,https://www.vivi-power.de/,,A,,,,,,,,,,
Vorarlberger Kraftwerke AG,Sedanstr. 19,88161,Lindenberg,https://www.vkw.de/,,A,,,,,,,,,,
VWS Verbundwerke Südwestsachsen GmbH,Hartensteiner Straße 7,09350,Lichtenstein,https://www.vws-verbundwerke.de/,,A,,,,,,,,,,
Wadersloh Energie GmbH,Liesborner Straße 5,59329,Wadersloh,https://www.wadersloh-energie.de/,,A,,,,,,,,,,
Warendorfer Energieversorgung GmbH (WEV),Hellegraben 25,48231,Warendorf,https://www.stadtwerke-warendorf.de/,,R?,x,,,,,,,,gehört zusammen mit den Stadtwerken,
Weißachtal-Kraftwerke eG,Kalzhofer Str. 5,87534,Oberstaufen,http://www.wkw-oberstaufen.de/,,A,,,,,,,,,,
WEMAG AG,Obotritenring 40,19053,Schwerin,https://www.wemag.com/?referer=adwords&gclid=EAIaIQobChMI17iJuZiP5AIVx-FRCh2p5gglEAAYASAAEgLGG_D_BwE,,X,x,x,x,?,x,,,"Grüner Strom, TÜV Nord",,
Wendelsteinbahn GmbH,Kerschelweg 30,83098,Brannenburg,https://www.wendelsteinbahn.de/stromvertrieb,,A,,,,,,,,,,
Werraenergie GmbH,August-Bebel-Straße 36-38,36433,Bad Salzungen,https://www.werraenergie.de/privatkunden/strom.html,,A,,,,,,,,,,
Werra-Strom GmbH,Hinter dem Deich 9,37213,Witzenhausen,http://www.werra-strom.de/de/home,,A,,,,,,,,,,
WestEnergie GmbH,Mühlenstraße 30,41812,Erkelenz,keine eigene Website,,?,?,?,?,?,?,,,,haben keine Internetseite? Vielleicht gibts die gar nicht mehr,
Westfalica GmbH,Steinstr. 9,32547,Bad Oeynhausen,https://www.westfalica.de/,,A,,,,,,,,,,
WEVG Salzgitter GmbH & Co. KG,Albert-Schweitzer-Straße 7-11,38226,Salzgitter,https://www.wevg.com/,,A,,,,,,,,,,
Wir Energie - eine Marke der Energiehaus Dresden eG,Wiener Str. 114-116,01219,Dresden,https://www.wir-energie.de/,,A,,,,,,,,,,
Wirtschaftsbetriebe der Stadt NSHB Borkum GmbH,Hindenburgstr. 110,26757,Borkum,keine eigene Webseite,,?,,scheinen auch zu den Stadtwerken zu gehören,,,,,,,,
WSW Energie & Wasser AG,Bromberger Str. 39 - 41,42281,Wuppertal,https://www.wsw-online.de/wsw-energie-wasser/privatkunden/,,A,,,,,,,,,,
Yello Strom GmbH,Siegburger Straße 229,50679,Köln,https://www.yello.de/plus?mc=yello_traffic.alwayson_performance.leads.strom.sea.google_search.mobil_und_desktop.yellostrom_.4568&extProvId=5&extPu=27766-gaw&extCr=17286056776-237515708564&extLi=353373136&keyword=yello%20strom%20gmbh&subid=Sitelink&gclid=EAIaIQobChMI8taiipGR5AIVUlXTCh2U9gldEAAYASAAEgLLa_D_BwE,,A,,,,,,,,,,
ZEAG Energie AG,Weipertstraße 41,74076,Heilbronn,https://www.zeag-energie.de/,,A,,,,,,,,,,
Ziegler GmbH & Co. KG,Venedig 10,77876,Kappelrodeck,http://s439195908.website-start.de/,,A,,,,,,,,,,
Zwickauer Energieversorgung GmbH,Bahnhofstr. 4,08056,Zwickau,https://www.zev-energie.de/,,A,,,,,,,,,,
