Anbieter,Ok Power,Grünstrom,Energie & Managment,Verbraucher Niedersachsen,Vergleich Bundesnetzagentur,Telefon,Website,Adresse,Verfügbarkeit
1&1 Energy GmbH,,,,,bna,,,Elgendorfer Straße 57 - 56410 Montabaur,
17er Oberlandenergie GmbH,,,true,false,true,,,Viehmarktplatz 1 - 82418 Murnau,
24/7 Energie & Kommunikation GmbH,,,,,bna,,,Meeboldstraße 1 - 89522 Heidenheim,
365 AG,,,,,bna,,,Aachener Straße 1253 - 50858 Köln,
A&A Stromallianz Solutions GmbH,,,,,bna,,,Zehdenicker Str. 19 - 10119 Berlin,
AggerEnergie GmbH,,true,false,false,true,02261 30030,www.aggerenergie.de/de/privatkunden/strom.html,Alexander-Fleming-Str. 2 - 51643 Gummersbach,regional
Ahrtal-Werke GmbH,,,true,false,true,,,Hauptstraße 116 - 53474 Bad Neuenahr-Ahrweiler,
Albert Beck GmbH,,,,,bna,,,Glöcknerpfad 48-52 - 34134 Kassel,
ALBSTADTWERKE GmbH,,,,,bna,,,Goethestraße 91 - 72461 Albstadt,
Albwerk GmbH & Co. KG,true,,false,false,true,Tel. 07331 / 209-600,www.albwerk.de,Eybstraße 98-102 - 73312 Geislingen an der Steige,
Alpiq Energie Deutschland GmbH,,,,,bna,,,Kantstraße 21 - 10623 Berlin,
alz strom vertriebs GmbH,,,,,bna,,,Stefan Flötzl Str. 4 - 83342 Tacherting,
"AMB R. Adolf - C. Kämpf Mineralöle, Schmierstoffe
und Transport GmbH",,,,,bna,,,Graf-Heinrich-Straße 24 - 57627 Hachenburg,
Ammer Loisach Energie GmbH,,,,,bna,,,Schnitzlergasse 5 - 82487 Oberammergau,
Andreas Stegerhoff,,,,,bna,,,Röntgenstr. 19 - 46325 Borken,
Apolog GmbH,,,,,bna,,,Sonnenallee 2 - 66287 Quierschied,
APW-Energie GmbH,,,,,bna,,,Kolpingstraße 37 - 59329 Wadersloh,
Arktis Energy GmbH,,,,,bna,,,Nonnendammallee 42 - 13599 Berlin,
ASEW Energie und Umwelt Service GmbH & Co. KG,true,,false,false,false,Tel. 0221 / 931819-18,www.asew.de,,
Audax Energie GmbH,,,,,bna,,,Otto-Franke-Straße 97 - 12489 Berlin,
AVIA AG,true,,false,false,false,Tel. 089 / 455045–0,www.avia.de,,
AVIA Steingass Mineralöle GmbH,,,,,bna,,,Bensberger Straße  5 - 51375 Leverkusen,
AVU Aktiengesellschaft für Versorgungs-Unternehmen ,true,,false,false,false,Tel. 02332 / 73605,www.avu.de,,
aWATTar Deutschland GmbH,,,,,bna,,,Friedrichstraße 246 - 10969 Berlin,
aws Wärme Service GmbH,,,,,bna,,,Hohe Bleichen 18 - 20354 Hamburg,
B.R.A.S.S.T. Bau GmbH,,,,,bna,,,Gartenstraße 15 - 13088 Berlin,
badenova AG & Co. KG,true,,false,false,false,Tel. 08002 / 83 84 85,www.badenova.de,,
BarMalGas GmbH,,,,,bna,,,Seestraße 33 - 14974 Ludwigsfelde,
Bayer Industry Services GmbH,,,,,bna,,, - 51368 Leverkusen,
Bayernwerk Regio Energie GmbH,,,,,bna,,,Lilienthalstraße 7 - 93049 Regensburg,
BayWa Ökoenergie GmbH,true,,true,false,true,Tel. 0800 / 7241640,www.baywa-oekoenergie.de,Grillparzerstraße 12a - 81675 München,
BayWa r.e. Clean Energy Sourcing GmbH,,,,,bna,,,Katharinenstraße 6 - 4109 Leipzig,
BayWa r.e. Green Energy Products GmbH,,,,,bna,,,Grillparzerstraße 12a - 81675 München,
BayWa r.e. renewable energy GmbH,,,true,false,false,,,,
bbsw Energie GmbH,,,,,bna,,,Im Altenhagen 1 - 32839 Steinheim/Westf.,
BCS Wärme GmbH,,,,,bna,,,Markt 19 - 6682 Teuchern,
BEEGY GmbH,,,,,bna,,,"L 13, 3-4 - 68161 Mannheim",
Beer Energien GmbH & Co. KG,,,,,bna,,,Saganer Straße 31 - 90475 Nürnberg,
BEG Energietechnik GmbH,,,,,bna,,,Maria-Salome-Buchmüller-Straße 1 - 79115 Freiburg,
BELKAW GmbH,,,,,bna,,,Hermann-Löns-Straße 131-133 - 51469 Bergisch Gladbach,
Benergie-Service GmbH,,,true,false,true,,,Schlachte 45 - 28195 Bremen,
Berg Mineralöl  GmbH,,,,,bna,,,Tuchschererstraße 17 - 67551 Worms,
BerLa GmbH,,,,,bna,,,Hahnerberger Straße 26 - 42349 Wuppertal,
Berliner Energieagentur GmbH,,,,,bna,,,Französische Straße 23 - 10117 Berlin,
Berliner Stadtwerke GmbH,,,true,false,true,,,Am Köllnischen Park 1 - 10179 Berlin,
Bernburger Mineralölvertrieb Lühmann GmbH & Co. KG,,,,,bna,,,"Weizenberg 20, OT Neundorf - 39418 Staßfurt",
BEV Bayrische Energieversorgungsgesellschaft mbH,,,,,bna,,,Nymphenburger Straße 154 - 80634 München,
BHM Berliner Energiehandel GmbH,,,,,bna,,,Westhafenstraße 1 - 13353 Berlin,
Biermann GmbH Energie,,,,,bna,,,Friedrich-Ebert-Straße 65 - 59425 Unna,
BIGGE ENERGIE GmbH & Co. KG,,,,,bna,,,In der Stesse 14 - 57439 Attendorn,
Bioenergie Am Kiecker GmbH & Co. KG,,,,,bna,,,Kastanienallee 1 - 17291 Nordwestuckermark,
Bioenergie am Landsberg GmbH & Co. KG,,,,,bna,,,Bucken 1 - 24614 Aukrug,
Bioenergie Fürstenhagen GmbH & Co. KG,,,,,bna,,,Milchstraße 15 - 17258 Feldberger Seenlandschaft,
Bioenergie Haar GmbH & Co. KG,,,,,bna,,,Hauptstraße 2 - 19273 Darchau,
Bioenergie Lintig I GbR,,,,,bna,,,Hainmühlener Straße 1 - 27624 Geestland,
Bioenergie Rondeshagen GmbH & Co. KG,,,,,bna,,,Zur Drögermühle 31 - 23919 Rondeshagen,
Bioenergie Vehlow GmbH & Co. KG,,,,,bna,,,Lindenstraße 6 - 16866 Gumtow OT Vehlow,
Bioenergie Witt KG,,,,,bna,,,Magdalenenhof 1 - 24395 Stangheck,
Biogas Alte Au GmbH & Co. KG,,,,,bna,,,Osterstraße 4b - 25926 Bramstedtlund,
Biogas Andresen GmbH & Co. KG,,,,,bna,,,Hauptstraße 32 - 25917 Sprakenbüll,
Biogasanlage an der Vogelzunge GmbH & Co KG,,,,,bna,,,Vogelzunge 9 - 24576 Weddelbrook,
Biogas Clausen-Hansen GmbH & Co. KG,,,,,bna,,,Hollingbusch 2 - 25876 Schwabstedt,
Biogas Grieben GmbH & Co. KG,,,,,bna,,,Friedenstraße 1 - 39517 Grieben,
Biogas Linnau GmbH & Co. KG,,,,,bna,,,Am Spielplatz 4 - 24969 Lindewitt OT Linnau,
Biogas Nordwarf GmbH & Co. KG,,,,,bna,,,Diedersbüller Straße 4 - 25924 Emmelsbüll-Horsbüll,
Biokraftgesellschaft Moers/Dinslaken mbH,,,,,bna,,,Uerdinger Straße 31 - 47441 Moers,
Biomethangas Hahnennest GmbH,,,,,bna,,,Hahnennest 100 - 88356 Ostrach,
"Bischoff, Vliex & Schöngen, Pfennings
GmbH & Co. KG",,,,,bna,,,Wurmbenden 8 - 52070 Aachen,
BK Badische-Kraftwerk GmbH & Co. KG,,,,,bna,,,Gewerbepark Citè 4 - 76532 Baden-Baden,
Blomberger Versorgungsbetriebe GmbH,true,,false,false,false,Tel. 05235 / 95023051,www.bvb-blomberg.de,,
BMG Mineralölhandel GmbH,,,,,bna,,,Am Güterbahnhof Halensee 8 - 11 - 10711 Berlin,
Bonnhoff Buchenhof Bioenergie GmbH & Co. KG,,,,,bna,,,"Austraße 4 - 25365 Klein Offenseth-
Sparrieshoop",
Bonus Strom GmbH,,,,,bna,,,Mühlenberg 18 - 24857 Fahrdorf,
"BRA-CON, J.Weinrich e.K.",,,,,bna,,,Nachtbuchtweg 11 - 15838 Am Mellensee,
BRASST Energiedienstleistungsgesellschaft mbH,,,,,bna,,,Fabrikstraße 3 - 16303 Schwedt,
Bremer Energiehaus- Genossenschaft eG,,,,,bna,,,Schlachte 45 - 28195 Bremen,
Brennstoffhandel Habermann GmbH & Co. KG,,,,,bna,,,Oberdorfweg 17 - 61130 Nidderau,
"Brennstoffhandel Maschek, Inh. Annette Schleyer",,,,,bna,,,Am Alten Sportplatz - 99947 Schönstedt,
Brennstoffhandel Petersohn Inh. Jochen Scholz e.K.,,,,,bna,,,Stralsunder Straße 146 - 4349 Leipzig,
BRS Beteiligungsgesellschaft Bonn/Rhein-Sieg mbH,,,,,bna,,,Kaiser-Wilhelm-Platz 1 - 53721 Siegburg,
BS Energy Braunschweiger Versorgungs AG & Co. KG,,true,false,true,false,0531 3830,www.bs-energy.de/privatkunden/produkte/strom/bs-naturstrom-gold/,,bundesweit
"BTB -Blockheizkraftwerks,Träger- und
Betreibergesellschaft mbH Berlin",,,,,bna,,,Gaußstraße 11 - 10589 Berlin,
BTB - Energieversorgungsgesellschaft mbH,,,,,bna,,,Eichenstraße 3 B - 12435 Berlin,
Burgenland Energie GmbH,,,,,bna,,,Geußnitzer Straße 74 - 6712 Zeitz,
Bürger-Energie-Genossenschaft-Freisinger Land e. G.,,,,,bna,,,Mauermayrstraße 2 - 85354 Freising,
BürgerEnergie Thüringen Sachsen eG,,,,,bna,,,Schillerstraße 16 - 99423 Weimar,
BürgerGas GmbH,,,,,bna,,,Rudolf-Walther-Straße 4 - 63584 Gründau-Lieblos,
BürgerGrünStrom GmbH & Co. KG,,,,,bna,,,Neue Straße 17a - 91456 Markt Erlbach,
Bürger speichern Energie eG,,,,,bna,,,Goldener Steig 40 - 94116 Hutthurm,
Bürgerwerke eG,,true,true,false,true,06221 3928920,https://buergerwerke.de/strom-beziehen/unser-strom/oekostrom-aus-buergerhand/,Hans-Bunte-Straße 8-10 - 69123 Heidelberg,bundesweit
Bürgerwindpark Süderdeich GmbH & Co. KG,,,,,bna,,,Hedwigenkooger Chaussee 1 - 25764 Süderdeich,
C4 Energie Vertriebs GmbH & Co. KG,,,,,bna,,,Große Straße 13 - 22926 Ahrensburg,
CB Energie GmbH,,,,,bna,,,Konrad-Zuse-Straße 2 - 26789 Leer,
Change! Energy GmbH,,,,,bna,,,Kirchhorster Straße 39 - 30659 Hannover,
Cismarer Naturstrom GmbH & Co. KG,,,,,bna,,,Cismarfelde 16 - 23743 Grömitz,
COHAUS München GmbH,,,,,bna,,,Aberlestraße 16 - 81371 München,
ComMetering GmbH,true,,false,false,false, ,www.commetering.de,,
Contigo Energie AG,,,,,bna,,,Massenbergstraße 11 - 44787 Bochum,
cowelio GmbH,,,,,bna,,,Grüner Weg 10 - 50825 Köln,
CrämerSchmäling GmbH,,,,,bna,,,Ostenfeldmark 8-10 - 59557 Lippstadt,
cts Service GmbH,,,,,bna,,,Rhönweg 6 - 66113 Saarbrücken,
Dalkia Energie Sevice GmbH,,,,,bna,,,Carl-Ulrich-Straße 4 - 63263 Neu-Isenburg,
DB Energie GmbH,true,,false,false,true,Waldemar Schlaht  Tel. 069 / 265-23715,www.dbenergie.de,Pfarrer-Perabo-Platz 2 - 60326 Frankfurt am Main,
dean Handelsgesellschaft mbH,,,,,bna,,,Alte Feldmühle 10 - 31535 Neustadt a. Rbge.,
DEC Deutsches EnergieContor GmbH & Co. KG,,,,,bna,,,Hans-Heinrich-Warnke-Straße 2 - 29227 Celle,
DeESA GmbH,,,,,bna,,,Rudolf-Diesel-Straße 1 - 91522 Ansbach,
DEG Deutsche Energie GmbH,,,,,bna,,,Georg-Ohm-Straße 1 - 74235 Erlenbach,
Der Energiepionier Fritz Trapper,,,,,bna,,,Fürther Straße 5 - 91058 Erlangen,
"Dessauer Versorgungs-
und Verkehrsgesellschaft mbH",,,,,bna,,,Albrechtstraße 48 - 6844 Dessau-Roßlau,
DEVG Deutsche Energie Versorgung GmbH & Co.KG,,,,,bna,,,Pappelallee 28 - 22089 Hamburg,
Die Energieagenten Versorgungs-GmbH,,,,,bna,,,Wilhelm-Hamacher-Platz 27 - 53840 Troisdorf,
Die Energievorsorger GmbH,,,true,false,true,,,An der Mühlenbreede 4 - 49525 Lengerich,
Digital Energy Solutions GmbH & Co. KG,,,,,bna,,,Arnulfstraße 205 - 80637 München,
Dreischtrom GmbH,,,,,bna,,,Industriegelände Straße D Nr. 2a - 2977 Hoyerswerda,
DREWAG,,,,,bna,,,Rosenstraße 32 - 1067 Dresden,
Dritte WRB GmbH & Co. KG,,,,,bna,,,Herringhauser Straße 28 - 49163 Bohmte,
e:veen Energie eG,,,,,bna,,,Hollerithallee 17 - 30149 Hannover,
E.ON Energie Deutschland GmbH,,,,,bna,,,Arnulfstraße 203 - 80634 München,
E.ON Energie Deutschland GmbH (Lüneburg),,,,true,false,,,,
E.ON Energy Solutions GmbH,,,,,bna,,,Carl-von-Linde-Straße 38 - 85716 Unterschleißheim,
e.optimum AG,,,,,bna,,,Beim Alten Ausbesserungswerk 2a - 77654 Offenburg,
E.VITA GmbH,,,,,bna,,,Elwertstr. 3 - 70372 Stuttgart,
e.wa riss GmbH & Co. KG,,,,,bna,,,Freiburger Straße 6 - 88400 Biberach a. d. Riß,
EAG Energie Abrechnungs- und Service GmbH,,,,,bna,,,Oetinghauser Straße 16 - 32120 Hiddenhausen,
EAM Energie GmbH,,,,,bna,,,Monteverdistraße 2 - 34131 Kassel,
EAM GmbH & Co. KG,,,true,false,false,,,,
easyOptimize GmbH,,,,,bna,,,Altenessener Straße 27 - 45141 Essen,
EBERwerk GmbH & Co. KG,,,,,bna,,,Eichthalstraße 10 - 85560 Ebersberg,
EBLD Schweiz Strom GmbH,,,,,bna,,,Friedrichstraße 1 - 79618 Rheinfelden,
Eckhardt GmbH,,,,,bna,,,Rathausstraße 23 - 64750 Lützelbach,
ECN Energie GmbH,,,,,bna,,,Hauptstraße 170 - 26639 Wiesmoor,
EcoPowerPlus GmbH,,,,,bna,,,Reichpitschufer 86-90 - 10785 Berlin,
EDi Energie-Direkt Hohenlohe GmbH,,,,,bna,,,Kuhallmand 26 - 74613 Öhringen,
EEGY UG (haftungsbeschränkt),,,,,bna,,,Quellental 4 - 22609 Hamburg,
eeMobility GmbH,,,,,bna,,,Landwehrstraße 60-62 - 80336 München,
EE PV 3 GmbH & Co. KG,,,,,bna,,,Eilveser Hauptstr. 56 - 31535 Neustadt,
EE PV 4 GmbH & Co. KG,,,,,bna,,,Eilveser Hauptstr. 56 - 31535 Neustadt,
eforna e.K.,,,,,bna,,,Markloweg 1A - 49086 Osnabrück,
"EGC Energie- und Gebäudetechnik Control
GmbH & Co. KG",,,,,bna,,,Am Seestern 4 - 40547 Düsseldorf,
EGF EnergieGesellschaft Frankenberg mbH,,,true,false,false,,,,
Eggers Energy GmbH,,,,,bna,,,Rödemishallig 10 - 25813 Husum,
EGT Energiehandel GmbH,true,,false,false,true, ,www.egt.de,Schonacher Straße 2 - 78098 Triberg,
EGT Energievertrieb GmbH,,,,,bna,,,Schonacher Straße 2 - 78098 Triberg,
Eichsfelder Energie- und Wasserversorgungs GmbH,,,,true,false,,,,
"Eigenbetrieb nach der Anstalts- und
Eigenbetriebsverordnung Rheinland-Pfalz",,,,,bna,,,Rummelstraße 15 - 67685 Weilerbach,
Einhorn-Energie GmbH & Co. KG,,,true,false,true,,,Mühlenweg 10 - 89537 Giengen,
EINHUNDERT Energie GmbH,,,,,bna,,,Lichtstraße 43 - 50825 Köln,
eins energie in sachsen GmbH & Co. KG,,,,,bna,,,Augustusburger Straße 1 - 9111 Chemnitz,
Eisenacher Versorgungs-Betriebe GmbH,,,,,bna,,,An der Feuerwache 4 - 99817 Eisenach,
Elektrizitätsgenossenschaft Dirmstein eG,true,true,false,false,true,Tel. 06233 / 602-0,www.egdirmstein.de,Wormser Straße 111 - 67227 Frankenthal (Pfalz),regional
Elektrizitätsgenossenschaft Hasbergen eG,,,,true,false,,,,
Elektrizitätsgenossenschaft Karlstein eG,,,true,false,false,,,,
Elektrizitätsversorgung Rheinzabern,,true,false,false,false,07272 750820,www.evu-rheinzabern.de/stromversorgung/vertraege.php,,regional
Elektrizitätsversorgungsunternehmen Bruchmühlbach-Miesau,,true,false,false,false,06372 922000,www.bruchmuehlbach-miesau.de,,regional
Elektrizitätsversorgung Waldsee,,true,false,false,false,--,www.vg-rheinauen.de,,regional
Elektrizitätsversorgung Wattenheim,,true,false,false,false,030 27 572400,www.vg-h.de,,regional
Elektrizitätsversorgung Weilerbach,,true,false,false,false,06374 9220,www.evu-weilerbach.de,,regional
Elektrizitätswerk der Ortsgemeinde Gerolsheim,,,,,bna,,,Wormser Straße 111 - 67227 Frankenthal (Pfalz),
Elektrizitätswerke Reutte AG,,,true,false,false,,,,
Elektrizitätswerke Schönau Energie GmbH,,,,,bna,,,Friedrichstraße 53/55 - 79677 Schönau,
Elektrizitätswerke Schönau Vertriebs GmbH,,,,,bna,,,Friedrichstraße 53/55 - 79677 Schönau,
Elektrizitätswerk Goldbach-Hösbach GmbH & Co. KG,,,,,bna,,,Aschaffstraße 1 - 63773 Goldbach,
Elektrizitätswerk Hindelang eG,,,,,bna,,,Weidachstraße 9 - 87541 Bad Hindelang,
Elektrizitätswerk Mittelbaden AG & Co. KG,,true,false,false,true,07821 2800,www.e-werk-mittelbaden.de,Lotzbeckstraße 45 - 77933 Lahr,regional
Elektrizitätswerk Müller,,,,,bna,,,Mühlenstraße 35 - 97285 Tauberrettersheim,
Elektrizitätswerk Rieger GmbH & Co. KG,,,true,false,false,,,,
Elektrizitätswerk Tegernsee Vertriebs- und Service-KG,,,,,bna,,,Hochfeldstraße 3 - 83684 Tegernsee,
em.serv GmbH,,,,,bna,,,Kennedyallee 89 - 60596 Frankfurt am Main,
EMB Erdgas Mark Brandenburg GmbH,,,,,bna,,,Großbeerenstraße 181-183 - 14482 Potsdam,
Emil Energie GmbH,,,,,bna,,,Friedrichstraße 200 - 10117 Berlin,
EMIXO GmbH,,,,,bna,,,Rudolf-Diesel-Straße 5 - 91522 Ansbach,
Emscher Lippe Energie GmbH,,,,,bna,,,Ebertstraße 30 - 45879 Gelsenkirchen,
EnBW Ostwürttemberg DonauRies AG,,,,,bna,,,Unterer Brühl 2 - 73479 Ellwangen,
ener.my GmbH,,,true,false,true,,,Kurfürstenstraße 50 - 53115 Bonn,
enercity AG,,,,,bna,,,Ihmeplatz 2 - 30449 Hannover,
enercity - Stadtwerke Hannover AG,,true,false,false,false,0511 4300,https://www.enercity.de/privatkunden/produkte/strom/oekostrom-premium/,,regional
ENERCON Erneuerbare Energien GmbH,,,,,bna,,,Peter-Müller-Straße 14 - 40468 Düsseldorf,
Enerco Systems GmbH & Co. KG,,,,,bna,,,Pflugfelder Straße 22 - 71636 Ludwigsburg,
Energie Aktiengesellschaft Iserlohn,true,,false,false,false, ,www.energie-ag.de/,,
Energie Calw GmbH,,,,,bna,,,Bahnhofstraße 4-6 - 75365 Calw,
Energiedienst AG,,,true,false,false,,,,
Energiedienst Holding AG,,true,false,false,false,07623 921200,www.naturenergie.de/gold,,bundesweit (für Kunden >1 GWh)regional (für Kunden <1 GWh)
Energiefeld Geel GmbH & Co. KG,,,,,bna,,,Geeler Weg 10 - 24864 Brodersby,
Energiegenossenschaft Darmstadt eG,,,,,bna,,,Elisabeth-Selbert-Straße 10 - 64289 Darmstadt,
Energiegenossenschaft für Wittmund eG,,,,true,false,,,,
Energiegenossenschaft Nordwest eG,,,,,bna,,,Mühlenstraße 148 - 27753 Delmenhorst,
Energiegenossenschaft Odenwald eG,true,,false,false,false, ,www.eg-odenwald.de,,
Energiegenossenschaft Rhein-Ruhr eG,,,true,false,true,,,Heistermannstraße 65 - 46539 Dinslaken,
energieGUT GmbH,true,,false,false,true, ,www.energieGUT.de,Bungertstraße 27 - 47053 Duisburg,
Energiehandel Dresden GmbH,,,true,false,true,,,Hertha-Lindner-Str. 10 - 1067 Dresden,
Energiehandel Süd GmbH & Co. KG,,,,,bna,,,Bahnhofstraße 8/1 - 88299 Leutkirch / Allgäu,
Energiehaus Deutschland B2B GmbH,,,,,bna,,,Scheffelstraße 46 - 95447 Bayreuth,
Energiehaus Dresden eG,,,,,bna,,,Bernhardstraße 73 - 1187 Dresden,
"EnergieHof Schmalfeld
UG (haftungsbeschränkt) & Co. KG",,,,,bna,,,Kaltenkirchener Straße 30 - 24640 Schmalfeld,
ENERGIEN in REGIONEN Passau GmbH & Co. KG,,,,,bna,,,Reistinger Straße 28 - 94060 Pocking  OT Hartkirchen,
ENERGIEN in REGIONEN Rottal-Inn GmbH & Co. KG,,,,,bna,,,Reistinger Straße 28 - 94060 Pocking  OT Hartkirchen,
EnergieRevolte GmbH,,,,,bna,,,Arnoldsweilerstraße 60 - 52351 Düren,
Energie-Rhein-Sieg GmbH,,,,,bna,,,Südstraße 27 - 53757 Sankt Augustin,
ENERGIERIED GmbH & Co. KG,,,,,bna,,,Industriestraße 40 - 68623 Lampertheim,
EnergieSaarLorLux AG,,,,,bna,,,R.-Wagner-Straße 14-16 - 66111 Saarbrücken,
Energie Sachsenheim GmbH & Co. KG,,,true,false,true,,,Siemensstraße 14 - 74343 Sachsenheim,
Energie-Service Dienstleistungsgesellschaft mbH,,,,,bna,,,Tullastraße 61 - 79108 Freiburg,
"Energieservice Schmitz, Inh: Stefan J. Schmitz e.K.",,,,,bna,,,Heerstraße 472 - 50169 Kerpen,
Energie Südbayern GmbH,,,,,bna,,,Ungsteiner Straße 31 - 81539 München,
EnergieSüdwest AG,,,,,bna,,,Industriestraße 18 - 76829 Landau in der Pfalz,
Energie- u. Wasserversorgung Bonn/Rhein-Sieg GmbH,,,,,bna,,,Welschnonnenstr. 4 - 53111 Bonn,
Energie- und Medienversorgung Schwarza GmbH,,,,,bna,,,Breitscheidstr. 160 - 7407 Rudolstadt-Schwarza,
Energie und Wasser Potsdam GmbH,,,,,bna,,,Steinstraße 101 - 14480 Potsdam,
Energie- und Wasserversorgung Bitz GmbH,,,,,bna,,,Goethestraße 91 - 72461 Albstadt,
Energie- und Wasserversorgung Bonn/Rhein-Sieg GmbH (SWB Energie und Wasser),,true,false,false,false,0228 7111,www.stadtwerke-bonn.de/energieundwasser/privatkunden/produkte/strom/bonnnatur-strom.html,,regional
Energie- und Wasserversorgung Bruchsal GmbH,true,,false,false,true,Tel. 07251 / 706-444,www.bvb-blomberg.de,Schnabel-Henning-Str. 1 a - 76646 Bruchsal,
Energie- und Wasserversorgung Kirchzarten GmbH,,,true,false,false,,,,
Energie- und Wasserversorgung Rheine GmbH,true,,false,false,false,Tel. 05971 / 45193,www.stadtwerke-rheine.de,,
Energie und Wasser Waldbröl GmbH,,,true,false,false,,,,
Energieversorger Deutsche BürgerEnergie GmbH,,,,,bna,,,Südwestpark 60 - 90449 Nürnberg,
Energieversorgung Apolda GmbH,,,,,bna,,,Heidenberg 52 - 99510 Apolda,
Energieversorgung Bad Bentheim GmbH & Co. KG,,,,,bna,,,Zum Ferienpark 1 - 48455 Bad Bentheim,
Energieversorgung Bad Boll GmbH,true,,false,false,false,Tel. 07164 / 808-25,www.energie-bollwerk.de,,
Energieversorgung Dahlenburg-Bleckede AG,,,,true,false,,,,
Energieversorgung Emsbüren GmbH,,,,,bna,,,Nordring 62 - 48465 Schüttorf,
Energieversorgung Filstal GmbH & Co. KG,,,,,bna,,,Großeislinger Straße 30 - 73033 Göppingen,
Energieversorgung Greiz GmbH,,,,,bna,,,Mollbergstraße 20 - 7973 Greiz,
Energieversorgung Guben GmbH,,,,,bna,,,Gasstraße 11 - 3172 Guben,
Energieversorgung Klettgau-Rheintal GmbH & Co. KG,,,,,bna,,,Schaffhauser Straße 7 - 79771 Klettgau,
Energieversorgung Kranenburg GmbH,,,true,false,false,,,,
Energieversorgung Leverkusen GmbH & Co. KG,,,,,bna,,,Overfeldweg 23 - 51371 Leverkusen,
Energieversorgung Limburg GmbH,,,,,bna,,,Ste.-Foy-Straße 36 - 65549 Limburg,
Energieversorgung Mainhardt Wüstenrot GmbH & Co KG,,,true,false,false,,,,
Energieversorgung Main-Spessart GmbH,,,,,bna,,,Goldbacher Straße 6 - 63739 Aschaffenburg,
Energieversorgung Marienberg GmbH,,,,,bna,,,Dr. Wilhelm-Külz-Allee - 9496 Marienberg,
Energieversorgung Michelfeld GmbH,,,true,false,false,,,,
Energieversorgung Mittelrhein AG,,,,,bna,,,Ludwig-Erhard-Straße 8 - 56073 Koblenz,
Energieversorgung Oberes Wiesental GmbH,,true,true,false,false,07671 999960,www.eow-todtnau.de/,,regional
Energieversorgung Oberhausen Aktiengesellschaft,,,true,false,false,,,,
Energieversorgung Offenbach AG (EVO),,,true,false,false,,,,
Energieversorgung Pirna GmbH,,,,,bna,,,Seminarstraße 18b - 1796 Pirna,
Energieversorgung Rodau GmbH,,,true,false,true,,,Friedberger Straße 37 - 63110 Rodgau,
Energieversorgung Rudolstadt GmbH,,,,,bna,,,Oststraße 18 - 7407 Rudolstadt,
Energieversorgung Rüsselsheim GmbH,true,,false,false,true,Tel. 06142 / 500-222,www.stadtwerke-ruesselsheim.de,Walter-Flex-Straße 74 - 65428 Rüsselsheim,
Energieversorgung Schmalkalden GmbH,,,,,bna,,,Auer Gasse 2-4 - 98574 Schmalkalden,
Energieversorgung Sehnde GmbH,,,,,bna,,,Nordstraße 19 - 31319 Sehnde,
Energieversorgung Selb-Marktredwitz GmbH,,,,,bna,,,Gebrüder-Netzsch-Straße 14 - 95100 Selb,
Energieversorgung Sylt GmbH,,,true,false,false,,,,
Energieversorgung Titisee-Neustadt GmbH,,,true,false,true,,,Pfauenstraße 2 - 79822 Titisee-Neustadt,
Energieversorgung Trossingen GmbH,,true,true,false,false,07425 94020,www.swtro.de,,regional
Energieversorgung Wenzenbach GmbH,,,,,bna,,,Hauptstraße 22 - 93173 Wenzenbach,
Energievertrieb Babelsberg GmbH,,,,,bna,,,Steinstraße 101 - 14480 Potsdam,
Energie Vorpommern GmbH,,,,,bna,,,Wiesenweg 6 - 17449 Trassenheide,
ENergie Wasser NIederrhein GmbH,,,,,bna,,,Uerdinger Straße 31 - 47441 Moers,
Energiewerke Waldbröl GmbH,true,,false,false,true,Tel. 02291 / 9088-0,www.ew-waldbroel.de,Nümbrechter Straße 6 - 51545 Waldbröl,
"Energiewerk Ortenau Energiegesellschaft
GmbH & Co. KG",,,true,false,true,,,Rathausplatz 1 - 77855 Achern,
energis GmbH,,,,,bna,,,Heinrich-Böcking-Straße 10-14 - 66121 Saarbrücken,
Energora GmbH,,,,,bna,,,Risaer Straße 70 - 4328 Leipzig,
Energy2day GmbH,,,,,bna,,,Kistlerhofstr. 170 - 81379 München,
energy4u GmbH & Co. KG,true,,false,false,true,Tel. 0800 / 7878708,www.energy4u.de,Bachstraße 3 - 53721 Siegburg,
Energy Air GmbH,,true,false,false,false,069690 60539,www.fraport.de/content/fraport/de/konzern/fraport-weltweit/beteiligungen/energy-air-gmbh.html,,regional
energycoop eG,,,,,bna,,,Kollegienwall 3-4 - 49074 Osnabrück,
EnergyLink Direkt GmbH & Co. KG,,,,,bna,,,Nymphenburger Straße 20b - 80335 München,
Enervatis Energieversorgungsgesellschaft mbH,,,,,bna,,,Leipziger Chaussee 191g - 6112 Halle,
enervolution GmbH,,,,,bna,,,Kortumstr. 68 - 44787 Bochum,
eness GmbH,,,,,bna,,,Frankenthaler Straße 20 - 81539 München,
enewa GmbH,,,,,bna,,,Am Wachtbergring 2a - 53343 Wachtberg,
enewa GmbH Energie + Wasser Wachtberg,true,,true,false,false,Tel. 0228 / 377368-0,www.enewa.de,,
engel Energie GmbH,,,,,bna,,,Lietzenburger Straße 77 - 10719 Berlin,
Enno Energie GmbH,,,true,false,true,,,Keffelker Straße 27 - 59929 Brilon,
Enovos Power GmbH,,,,,bna,,,Märkische Straße 109 - 44141 Dortmund,
EnPS Energie Pfalz-Saar GmbH,,,,,bna,,,Georg-Peter-Süß-Str. 2 - 67346 Speyer,
enQu GmbH,,,,,bna,,,Speckenbeker Weg 130 - 24113 Kiel,
ENSO Energie Sachsen Ost AG,,,,,bna,,,Friedrich-List-Platz 2 - 1069 Dresden,
ENSTROGA AG,,,,,bna,,,Alt-Moabit 91 d - 10559 Berlin,
Ensys AG,,,,,bna,,,Vibeler Straße 29 - 60313 Frankfurt/M,
Ensys Solution GmbH,,,,,bna,,,Vibeler Straße 29 - 60313 Frankfurt am Main,
ENTEGA Energie GmbH,true,,false,false,true,Tel. 0800 / 1111 0555,www.entega.de,Frankfurter Straße 100 - 64293 Darmstadt,
EnVersum GmbH,,,,,bna,,,Anckelmannsplatz 1 - 20537 Hamburg,
envia Mitteldeutsche Energie AG,,,,,bna,,,Chemnitztalstraße 13 - 9114 Chemnitz,
EnviTec Energy GmbH & Co. KG,,,,,bna,,,Industriering 10a - 49393 Lohne,
EnviTec Stromkontor GmbH & Co. KG,,,,,bna,,,Industriering 10a - 49393 Lohne,
eprimo GmbH,,,,,bna,,,Flughafenstraße 20 - 63263 Neu-Isenburg,
e-punkt GmbH,,,,,bna,,,Alt-Moabit 96 - 10559 Berlin,
eq strom GmbH & Co. KG,,,,,bna,,,Hauptstraße 44 - 15806 Zossen OT Kallinchen,
erdgas schwaben gmbh,,,,,bna,,,Bayerstraße 43 - 86199 Augsburg,
Erdgas Südwest GmbH,,,true,false,true,,,Siemensstraße 9 - 76275 Ettlingen,
E-Regio GmbH & Co. KG,,,true,false,true,,,Rheinbacher Weg 10 - 53881 Euskirchen-Kuchenheim,
Erhard Bürk-Kauffmann GmbH,,,,,bna,,,Neuffenstraße 27 - 29 - 78056 Villingen-Schwenningen,
Erwin Steigleiter GmbH,,,,,bna,,,Im Sterngarten 7 - 67346 Speyer,
ESDG Energie-Service Dienstleistungsgesellschaft mbH,true,true,false,false,false, ,www.esdg.de,,bundesweit
e-shelter facility services GmbH,,,,,bna,,,Eschborner Landstraße 100 - 60489 Frankfurt am Main,
ESWE Versorgungs AG,true,,false,false,true, ,www.eswe-versorgung.de,Konradinerallee 25 - 65189 Wiesbaden,
E-two-energy GmbH,,,,,bna,,,Karl-Marx-Straße 17 - 16356 Ahrensfelde,
Eurogate Technical Services GmbH,,,,,bna,,,Senator-Borttscheller- Straße 1 - 25768 Bremerhaven,
EVD EnergieVersorgung Deutschland GmbH,,,true,false,true,,,Straße der Nationen 12 - 9111 Chemnitz,
EVH GmbH,true,,false,false,false,Tel. 0800 / 581 33 33,www.evh.de,,
EVO Vertrieb Gm bH,,,,,bna,,,Andréstraße 71 - 63067 Offenbach am Main,
EWE AG,,,,true,false,,,,
E-Werk Meckenheim/Pfalz,,,,,bna,,,Hauptstraße 58 - 67149 Meckenheim,
e-Werk Reinbek-Wentorf GmbH,,,,,bna,,,Hermann-Körner-Straße 61-63 - 21465 Reinbek,
E-Werk Stengle GmbH & Co. KG,,,true,false,false,,,,
E WIE EINFACH Strom & Gas GmbH,,,,,bna,,,Salierring 47-53 - 50677 Köln,
EWR AG,,,,,bna,,,Lutherring 5 - 67545 Worms,
EWS Elektrizitätswerke Schönau Vertriebs GmbH,true,,true,false,false,Tel. 07673 / 8885-0,www.ews-schoenau.de,,
EWV Baesweiler GmbH & Co. KG,,,,,bna,,,Arnold-Sommerfeld-Ring 2 - 52499 Baesweiler,
EWZ Energiewerke Zeulenroda GmbH,,,,,bna,,,Lohweg 8 - 7937 Zeulenroda,
ExtraEnergie GmbH,,,true,false,true,,,Europadamm 2-6 - 41460 Neuss,
EXYTRON GmbH,,,,,bna,,,Schonenfahrerstraße 5 - 18057 Rostock,
FairEnergie GmbH,,,,,bna,,,Hauffstraße 89 - 72762 Reutlingen,
Fair Trade Power Deutschland GmbH,,true,false,false,true,089 2112210,Privatpersonen: www.fairtradepower.de//products.php#pr Geschäftskunden: www.fairtradepower.de//products.php#bu Sondertarife: www.fairtradepower.de//products.php#sp,Vintschgauer Straße 5 - 81547 München,bundesweit
Färber Gas GmbH,,,,,bna,,,de-Vos-Straße 11 - 25524 Itzehoe,
Fernwärmegesellschaft Noll mbH,,,,,bna,,,Gustav-Siegel-Straße 36a - 37235 Hessen Lichtenau,
Fey Energie GmbH & Co. KG,,,,,bna,,,Industriestraße 4a - 61273 Wehrheim,
Filderstadtwerke (Eigenbetrieb der Stadt Filderstadt),,,,,bna,,,Brühlstraße 41 - 70794 Filderstadt,
FirstCon GmbH,,,,,bna,,,An der Ilmenau 12a - 21407 Deutsch Evern,
First Utility GmbH,,,,,bna,,,Dorotheenstraße 64 - 22301 Hamburg,
FlexStrom AG,,,,,bna,,,Reichpietschufer 86-90 - 10785 Berlin,
Föhrer Windkraft GmbH & Co. KG,,,true,false,false,,,,
Frankfurt Energy Holding GmbH,,,,,bna,,,Mergenthalerallee  55-59 - 65760 Eschborn,
Franz-Josef Wieghaus Biogas,,,,,bna,,,Lindenallee 2 - 49681 Garrel,
Franz X. Heinritzi & Söhne GmbH,,,,,bna,,,Wimmerweg 3 - 83052 Bruckmühl,
Franz Ziegenaus,,,,,bna,,,Schiltberger Str. 15 - 86576 Schiltberg,
Freisinger Stadtwerke Versorgungs-GmbH,,,true,false,false,,,,
FREITALER STROM+GAS GMBH,,,,,bna,,,Potschappler Straße 2 - 1705 Freital,
Fresh Energy GmbH,,,,,bna,,,Oranienburger Straße 48 - 10117 Berlin,
Friedel Energie & Service e.K.,,,,,bna,,,Elsterstraße 7 - 4910 Elsterwerda,
Friedrich Mineralölhandel GmbH,,,,,bna,,,Hauptstraße 140 - 8304 Schönheide,
Friesenenergie GmbH,,,true,false,true,,,Helmsteder Straße 1 - 26434 Wangerland,
Fritz Wahr Energie GmbH & Co. KG,,,,,bna,,,Ferdinand-Porsche-Straße 50 - 72202 Nagold,
"Fromholz, Brennstoff- u. Mineralölvertriebs GmbH",,,,,bna,,,Am Thurbruch 3 - 17429 Benz OT Labömitz,
"Frühmesser Mineralölhandelsgesellschaft
mbh & Co. KG",,,,,bna,,,Mozartstraße 73 - 76829 Landau,
FSG Energy GmbH & Co. KG,,,,,bna,,,Heidturmweg 33 - 33100 Paderborn,
Fulminant Energie GmbH,,,,,bna,,,Daimlerstraße 2 - 85748 Garching b. München,
fünfwerke GmbH & Co. KG,,,,,bna,,,Ste.-Foy-Straße 34 - 65549 Limburg an der Lahn,
Fuxx - Die Sparenergie GmbH,,,,,bna,,,Poststraße 14-16 - 20354 Hamburg,
GAG Gasversorgung Ahrensburg GmbH,,,,,bna,,,Manfred-Samusch-Straße 5 - 22926 Ahrensburg,
Gallier Energie GmbH,,,,,bna,,,Berliner Straße 5 - 77694 Kehl,
GASAG Berliner Gaswerke Aktiengesellschaft,,,,,bna,,,Henriette-Herz-Platz 4 - 10178 Berlin,
Gas In GmbH,,,,,bna,,,"An der Halle 400, Nr. 1 - 24143 Kiel",
Gas- und Energiegesellschaft mbH (GEG),,,,,bna,,,Ackerstraße 16 - 6773 Gräfenhainichen,
Gas- und Wasserversorgung Höxter GmbH,,,true,false,false,,,,
Gas- und Wasserversorgung Höxter GmbH & Co. KG,,,,,bna,,,Hermannstraße 6 - 37671 Höxter,
Gasversorgungsgesellschaft mbH Rhein-Erft,,,true,false,true,,,Max-Planck-Straße 11 - 50354 Hürth,
Gasversorgung Westerwald GmbH,,,,,bna,,,Am Alten Bahnhof 2 - 56203 Höhr-Grenzhausen,
Gebrüder Eirich GmbH,,,true,false,false,,,,
Geiger GmbH,,,,,bna,,,Rudolf-Diesel-Straße 5 - 91522 Ansbach,
Gelsenwasser AG,,,,,bna,,,Willy-Brandt-Allee 26 - 45891 Gelsenkirchen,
GemeindeStrom Wadgassen GmbH,,,,,bna,,,Wendelstraße 79 - 66787 Wadgassen,
Gemeindeverwaltung Steißlingen,,,true,false,false,,,,
Gemeindewerke Ammerbuch GmbH,,,,,bna,,,Kirchstraße 6 - 72119 Ammerbuch,
Gemeindewerke Bad Sassendorf GmbH,true,,false,false,false,Tel. 02921 / 50581,,,
Gemeindewerke Bad Sassendorf GmbH & Co. KG,,,,,bna,,,Eichendorffstraße 1 - 59505 Bad Sassendorf,
Gemeindewerke Baiersbronn,,,,,bna,,,Neumühlenweg 11 - 72270 Baiersbronn,
Gemeindewerke Bobenheim-Roxheim GmbH,,true,false,false,true,06233 6020,www.gemeindewerke-boro.de/produkte/strom/naturstrom.html,Wormser Straße 111 - 67227 Frankenthal (Pfalz),regional
Gemeindewerke Bovenden GmbH & Co. KG,,,,true,false,,,,
Gemeindewerke Budenheim AöR,,,,,bna,,,Untere Stefanstraße 65 - 55257 Budenheim,
Gemeindewerke Everswinkel GmbH,,,,,bna,,,Hovestraße 11 - 13 - 48351 Everswinkel,
Gemeindewerke Gundelfingen GmbH,,,true,false,false,,,,
Gemeindewerke Halstenbek,,true,false,false,false,04101 4907112,www.gwhalstenbek.de/aquawatt.html,,regional
Gemeindewerke Hardt,,true,false,false,false,07422 95880,www.hardt-online.de/gemeindewerke,,regional
Gemeindewerke Haßloch GmbH,,true,false,false,false,06324 59940,www.gwhassloch.de/index.php?page=produkte.versorgungsbedingungen#preisblatter_strom,,regional
Gemeindewerke Heikendorf GmbH,,,true,false,false,,,,
Gemeindewerke Hermaringen GmbH,,,true,false,false,,,,
Gemeindewerke Herxheim,,true,false,false,true,07276 50140,www.gemeindewerke-herxheim.de/de/energieversorgung/mehr-zum-sondertarif-naturstrom/,Am Rathaus 6 - 76863 Herxheim,regional
Gemeindewerke Hohenwestedt GmbH,,,,,bna,,,Am Gaswerk 8 - 24594 Hohenwestedt,
Gemeindewerke Hünxe GmbH,,,true,false,true,,,In der Beckkuhl 4 - 46569 Hünxe,
Gemeindewerke Kiefersfelden,,,true,false,false,,,,
Gemeindewerke Lambsheim,,true,false,false,false,06233 51090,www.lambsheim-hessheim.de,,regional
Gemeindewerke Malente GmbH,,,,,bna,,,Neversfelder Straße 12 - 23714 Bad Malente,
Gemeindewerke Münchweiler,,true,false,false,false,06395 92110,www.gemeindewerke-muenchweiler.de,,regional
"Gemeindewerke Murnau
-Eigenbetrieb der Markt Murnau-",,,,,bna,,,Viehmarktplatz 1 - 82418 Murnau am Staffelsee,
Gemeindewerke Oberhaching GmbH,,,,,bna,,,Alpenstraße 11 - 82041 Oberhaching,
Gemeindewerke Peiner Land GmbH & Co. KG,,,,,bna,,,Eichstraße 3 - 31241 Ilsede,
Gemeindewerke Ruppichteroth GmbH,true,,false,false,true,Tel. 02295 / 907000,,Rathausstraße 18 - 43809 Ruppichteroth,
Gemeindewerke Schönkirchen GmbH,,,true,false,false,,,,
Gemeindewerke Schwarzenbruck GmbH,,,,,bna,,,Unterer Zeidlerweg 1 - 90537 Feucht,
Gemeindewerke St. Michel-Energie GmbH,,,,,bna,,,Am Rathaus 8 - 25693 St. Michaelisdonn,
Gemeindewerke Stammbach AöR,,,true,false,false,,,,
Gemeindewerke Stockelsdorf GmbH,,,,,bna,,,Marienburgstraße 7 - 23617 Stockelsdorf,
Gemeindewerke Taufkirchen (Vils) GmbH & Co. KG,,,,,bna,,,Rathausplatz 1 - 84416 Taufkirchen (Vils),
Gemeindewerke Umkirch GmbH,,,,,bna,,,Vinzenz-Kremp-Weg 1 - 79224 Umkirch,
Gemeindewerke Waldfischbach-Burgalben,,true,false,false,false,06333 27580,www.energie.waldfischbach-burgalben.de/index.php?view=content&ID_NODE_VIEW=2&ID_NODE_AKTIV=2,,regional
Gemeindewerke Wedemark GmbH,,,,,bna,,,Berliner Str. 3/5 - 30900 Wedemark,
Gemeindewerk Seegebiet Mansfelder Land GmbH,,,,,bna,,,"Pfarrstraße 8 - 6317 Seegebiet Mansfelder Land
- OT Röblingen am See",
Gemeindewerk Sörup GmbH,,,,,bna,,,Schleswiger Straße 3 - 24966 Sörup,
Gemeindliche Werke Hengersberg,,,true,false,false,,,,
"Gemeindliche Werke Hengersberg - Eigenbetrieb
des Marktes Hengersberg",,,,,bna,,,Mimminger Straße 2 - 94491 Hengersberg,
Genek Gesellschaft für Energieeinkauf mbH & Co. KG,,,,,bna,,,Zum Walkmüller 8 - 47269 Duisburg,
Genie Energie Versorgungsgesellschaft mbH,,,,,bna,,,Nymphenburger Straße 185 - 80634 München,
GENO Energie GmbH,,,,,bna,,,Heilbronner Straße 41 - 70191 Stuttgart,
Georg Oest Mineralölwerk GmbH & Co. KG,true,,false,false,true,Tel. 0744 / 1539112,www.oest.de,Bahnhofstr. 5 - 72250 Freudenstadt,
Gesellschaft für Energieversorgung Ostalb mbH,,,,,bna,,,Heidenheimer Straße 35 - 73447 Oberkochen,
"Gesellschaft zur Energieversorgung der kirchlichen und
sozialen Einrichtungen GmbH",,,,,bna,,,Hanferstraße 28 - 79108 Freiburg,
GETEC ENERGIE GmbH,,,,,bna,,,An der Börse 4 - 30159 Hannover,
GETEC Energy Management GmbH,,,,,bna,,,Albert-Vater-Straße 50 - 39108 Magdeburg,
GETEC net AG,,,,,bna,,,Joachimstraße 6 - 30159 Hannover,
GEWI AG,,,,,bna,,,Expo Plaza 10 - 30539 Hannover,
GEW Wilhelmshaven GmbH,,,,true,false,,,,
GfM Gesellschaft für Messdienstleistungen mbH,,,,,bna,,,Siegburger Straße 183 - 50679 Köln,
GGEW Bergstraße AG,,,,,bna,,,Dammstraße 68 - 64625 Bensheim,
Gilbert Energiehandelsgesellschaft mbH,,,,,bna,,,Wetterstraße 30 - 35510 Butzbach,
goldgas GmbH,,,,,bna,,,Ginnheimer Straße 4 - 65760 Eschborn,
GP JOULE Connect GmbH & Co. KG,,,,,bna,,,Ceciliekoog 16 - 25821 Reußenköge,
Green City Power GmbH,,,,,bna,,,Zirkus-Krone-Straße 10 - 80355 München,
Greenline - alternative energien GmbH,,,,,bna,,,Edelmannstraße 22 - 39218 Schönebeck,
Greenpeace Energy eG,true,,true,false,true,Tel. 040 / 808 110-600,www.greenpeace-energy.de,Schulterblatt 120 - 20357 Hamburg,
gridX GmbH,,,,,bna,,,Noppiusstraße 12 - 52062 Aachen,
Grün.power GmbH,,,true,false,true,,,An der Fahrt 5 - 55124 Mainz,
grünES GmbH,,,,,bna,,,Fleischmannstr. 50 - 73728 Esslingen,
GrünHausEnergie GmbH,,,,,bna,,,Wissollstraße 5-43 - 45478 Mülheim an der Ruhr,
GrünStrom Kirchberg GmbH,,,,,bna,,,Schloßstraße 10 - 74592 Kirchberg an der Jagst,
Grünstromwerk GmbH,,,,,bna,,,Oberhafenstraße 1 - 20097 Hamburg,
Grünstromwerk Vertriebs GmbH,,,true,false,true,,,Oberhafenstraße 1 - 20097 Hamburg,
Grünwelt Wärmestrom GmbH,,,,,bna,,,Girmes-Kreuz-Straße 55 - 41564 Kaarst,
GWS Stadtwerke Hameln GmbH,,true,false,false,false,05151 7880,www.stadtwerke-hameln.de/produkte/strom/preise.html#stromtarife,,regional
H. +  R. Bellersheim GmbH,,,,,bna,,,Rheinstraße 45 - 57638 Neitersen,
H & N Bürgerwind GmbH & Co. KG,,,,,bna,,,Nordhackstedter Straße 8 - 24980 Hörup,
Haas GmbH,,,,,bna,,,Lindenstraße 68 - 57627 Hachenburg,
Halberstadtwerke GmbH,,,,,bna,,,Wehrstedter Straße 48 - 38220 Halberstadt,
Hamburg Energie GmbH,,,true,false,true,,,Billhorner Deich 2 - 20539 Hamburg,
Hans Engelke Energie OHG,,,,,bna,,,Tempelhofer Weg 80 - 12099 Berlin,
Hanwha Q CELLS GmbH,,,,,bna,,,Sonnenallee 17-21 - 6766 Bitterfeld-Wolfen,
Harz Energie GmbH & Co. KG,,,,true,false,,,,
HaseEnergie GmbH,,,,,bna,,,Von-Boeselager-Platz 2 - 49577 Eggersmühlen,
Hausstrom GmbH,,,,,bna,,,Nußbaumweg 11 - 4178 Leipzig,
HBL Nord-Energie GmbH,,,,,bna,,,Linnenkamp 40 - 31137 Hildesheim,
Heinrich Fip GmbH & Co. KG,,,,,bna,,,Rheinstraße 36 - 49090 Osnabrück,
Heinrich Klöcker GmbH & Co. KG,true,,false,false,true,Tel. 0286 / 1800744,www.kloecker.de,Ahauser Str. 21 - 46325 Borken,
Heizöl Sistig GmbH,,,,,bna,,,Herseler Weg 1-7 - 53347 Alfter,
Hellweg Energie GmbH,true,,false,false,false,Tel. 0241 / 282 9233,www.hellwegenergie.de,,
Hermann Bantleon GmbH,true,,false,false,true,Tel. 0731 / 3990190,www.bantleon.de,Blaubeurer Straße 32 - 89077 Ulm,
"Hermann Hansen, Einzelunternehmer",,,,,bna,,,Dorfstraße 7 - 25917 Enge-Sande,
Hertener Stadtwerke GmbH,,,,,bna,,,Herner Straße 21 - 45699 Herten,
Herzo Werke GmbH,,,true,false,false,,,,
HGH Service u. Abrechnungen GmbH,,,,,bna,,,Berliner Straße 120 - 10713 Berlin,
HHB Agrarenergie GmbH & Co. KG,,,,,bna,,,Horster Weg 1a - 21698 Harsefeld,
HH-EL Energie Hanse GmbH,,,,,bna,,,Harvestehuder Weg 21 - 20148 Hamburg,
HHLP-Energy GmbH,,,true,false,true,,,Am Grundwasserwerk 12a - 22041 Hamburg,
HKD Handelsgesellschaft für Kirche und Diakonie mbH,true,,false,false,false,Tel. 0431 / 54 44-8844,www.hkd.de,,
Hochsauerland Energie GmbH,true,,false,false,true,Tel. 0290 / 4712 8011,www.hochsauerlandenergie.de,Auf 'm Brinke 11 - 59872 Meschede,
HORIZEN GmbH,,,,,bna,,,Albert-Bassermann-Straße 31 - 68782 Brühl,
Hoyer G.m.b.H.,,,,,bna,,,Rudolf-Diesel-Straße 1 - 27374 Visselhövede,
Hoyer Strom- und Ergas GmbH,,,,,bna,,,Rudolf-Diesel-Straße 1 - 27374 Visselhövede,
IBAENERGIE GmbH,,,,,bna,,,Georgistraße 40 - 9127 Chemnitz,
Ideo Energie GmbH,,,,,bna,,,Stadttor 1 - 40219 Düsseldorf,
In(n) Energie GmbH,,,,,bna,,,Bayernwerkstraße 13 - 84359 Simbach am Inn,
innogy Direkt GmbH,,,,,bna,,,Freistuhl 7 - 44137 Dortmund,
innogy SE,,,,,bna,,,Opernplatz 1 - 45128 Essen,
Innostrom GmbH,,,,,bna,,,"Steigweg 24, Gebäude 3 - 97318 Kitzingen",
Innowatio GmbH,,,true,false,true,,,Katharinenstraße 6 - 4109 Leipzig,
inteligy GmbH,,,,,bna,,,Zollstockgürtel 57-67 - 50969 Köln,
Interconnector GmbH,,,,,bna,,,Durlacher Allee 93 - 76131 Karlsruhe,
J. Knittel Söhne Verwaltungsgesellschaft mbH,,,,,bna,,,Dientzenhoferstr. 6-10 - 36043 Fulda,
JES AG,,,,,bna,,,Rosa-Luxemburg-Straße 19 - 18055 Rostock,
Jorczyk Energie KG,,,,,bna,,,Hans-Heinrich-Warnke-Straße 2 - 29227 Celle,
Josef Dorner Mineraloel - GmbH,,,,,bna,,,Grünstraße 25a - 77723 Gengenbach,
Josef Pauli GmbH,,,,,bna,,,Zollhausstraße 111 - 52353 Düren,
Jura Power GmbH & Co. KG,,,,,bna,,,Milchhofstraße 24 - 92318 Neumarkt i. d. Opf.,
JuraStrom GmbH,,,,,bna,,,Dr.-Boecale-Str. 3 - 92331 Parsberg,
Jürgen Dorst GmbH,,,,,bna,,,Paulinenstraße 1 a - 97645 Ostheim v. d. Rhön,
Just Energy Deutschland GmbH,,,,,bna,,,Kapstadtring 10 - 22297 Hamburg,
KBG Homberg eG,,,,,bna,,,Ostpreußenweg 5 - 34576 Homberg (Efze),
Keep – Kommunale Eisenberger Energiepartner GmbH,,,,,bna,,,Schulstraße 18 - 67304 Eisenberg,
KEHAG Energiehandel GmbH,,,,,bna,,,Im Technologiepark 4 - 26129 Oldenburg,
KESLAR GmbH Energiehandel,true,,false,false,true,Tel. 0831 / 5753027,www.keslar.de,Ostbahnhofstr. 1 - 87437 Kempten (Allgäu),
KEV Energie GmbH,,,,,bna,,,Hindenburgstraße 13 - 53925 Kall,
KEW Karwendel Energie und Wasser GmbH,,,,,bna,,,Innsbrucker Straße 31 - 82481 Mittenwald,
Kleiner 2 Grad GmbH,,,,,bna,,,Brunnenstraße 153 - 10115 Berlin,
KlickEnergie GmbH & Co. KG,,,,,bna,,,Moselstraße 25 - 27 - 41464 Neuss,
Knauber Erdgas GmbH,,,,,bna,,,Endenicher Straße 120-140 - 53115 Bonn,
KO Kosten Optimierte Energie GmbH,,,,,bna,,,Pulsnitzer Straße 1 - 1936 Großnaundorf,
Komm Energie,,,,,bna,,,Bahnhofstraße 1 - 82223 Eichenau,
"Kommunale Energieverbundgesellschaft mbH
Eisenhüttenstadt",,,,,bna,,,Lilienthalring 1A - 15890 Eisenhüttenstadt,
"Kommunalunternehmen
Stadtwerke Pfaffenhofen a. d. Ilm",,,,,bna,,,Weiherer Straße 16 - 85276 Pfaffenhofen,
Korbacher Energiezentrum GmbH & Co. KG,,,,,bna,,,Wildunger Landstraße 14b - 34497 Korbach,
Köthen Energie GmbH,,,,,bna,,,Lelitzer Straße 27b - 6366 Köthen,
Kraftwerk Köhlgartenwiese GmbH,,,,,bna,,,Tegernauer Ortsstraße 9 - 79692 Kleines Wiesental,
KR Buchenhof Bioenergie GmbH & Co. KG,,,,,bna,,,"Austraße 4 - 25365 Klein Offenseth-
Sparrieshoop",
Kreiswerke Main-Kinzig GmbH,,,,,bna,,,Barbarossastraße 26 - 63571 Gelnhausen,
"Krimphoff & Schulte
Mineralöl-Service und Logistik GmbH",,,,,bna,,,Daimlerstraße 2 - 48432 Rheine,
"Kröger Management Windpark Francop GmbH & Co.
KG",,,,,bna,,,Ochsenwerder Landscheideweg 264b - 21037 Hamburg,
KURT GÜNTHER Mineralölhandelsgesellschaft mbH,,,,,bna,,,Hinter der Landwehr 3 - 36199 Rotenburg an der Fulda,
L. Ilzhöfers Nachfolger Inh. Walch KG,,,,,bna,,,Siebentischstraße 16a - 86161 Augsburg,
Landstrom GmbH & Co. KG,,,,,bna,,,Watenstedter Straße 11 - 38384 Gevesleben,
LCG Energy GmbH,,,,,bna,,,Billstraße 28 - 20539 Hamburg,
LE Energy Solutions GmbH,,,,,bna,,,Althener Straße 4 - 4451 Borsdorf,
Leipziger Kommunale Energieeffizienz GmbH,,,,,bna,,,Augustusplatz 7 - 4109 Leipzig,
lekker Energie GmbH,,,,,bna,,,Egellstraße 21 - 13507 Berlin,
Lenz Energie AG,,,,,bna,,,Siemensstraße 3 - 74915 Waibstadt,
Leu Energie GmbH & Co. KG,,,,,bna,,,Bahnhofstraße 2a - 95028 Hof,
LichtBlick SE,true,,false,false,true,Tel. 040 / 80803030,www.lichtblick.de,Zirkusweg 6 - 20359 Hamburg,
Lition Energie GmbH,,,,,bna,,,Wilmersdorfer Straße 98/99 - 10629 Berlin,
lLZHÖFERS Nachf. lnh. Walch KG,true,,false,false,false,Tel. 0821 / 5608027,www.ilzhoefer.com,,
LM WIND LINE Markus A. Henrich,,,,,bna,,,Buchenkamp 1 - 57368 Bilstein,
LogoEnergie GmbH,,,,,bna,,,Münsterstraße 9 - 53881 Euskirchen,
Lohse Biogas GmbH & Co. KG,,,,,bna,,,Kellinghusener Straße 15 - 25581 Hennstedt,
LSW Energie GmbH & Co. KG,,,,,bna,,,Heßlinger Straße 1-5 - 38440 Wolfsburg,
"Ludwig Dalacker & Sohn, Inh. Kurt Dalacker e.K.",,,,,bna,,,Schönberger Straße 16 - 74405 Gaildorf,
Lumenaza GmbH,,,,,bna,,,Kreuzbergstraße 30 - 10965 Berlin,
Luxtrio UG (haftungsbeschränkt),,,,,bna,,,Am Neuländchen 29 - 66787 Wadgassen,
LWD LüchtWelle Deutschland GmbH,,,,,bna,,,August-Krogmann-Straße 194 A - 22159 Hamburg,
M4 Energy eG,,,,,bna,,,Bertold-Brecht-Allee 24 - 1309 Dresden,
Machdasmalanders Stromversorgung GmbH,,,,,bna,,,Große Reichenstr.27 - 20457 Hamburg,
Maier & Korduletsch Energie GmbH,,,,,bna,,,Passauer Straße 30 - 94474 Vilshofen,
MAINGAU Energie GmbH,,,,,bna,,,Ringstraße 4 - 6 - 63179 Obertshausen,
Mainova AG,,true,false,false,false,0800 1144488,www.mainova.de/geschaeftskunden/mittelstand/produkte/strom/oeko-optionen.html,,regional
Mainzer Stadtwerke  Vertrieb und Service GmbH,,,,,bna,,,Rheinallee 41 - 55118 Mainz,
Mainzer Wärme GmbH,,,,,bna,,,Rheinallee 41 - 55118 Mainz,
MANN Naturenergie GmbH & Co. KG,,true,false,false,true,02661 626215,www.mannstrom.de/mann-cent-tarif,Schulweg 8-14 - 57520 Langenbach,bundesweit
Mark-E AG,true,,false,false,false,Tel. 0800 / 123 1000,www.mark-e.de,,
Maschinenringe Deutschland GmbH,,,,,bna,,,Am Maschinenring 1 - 86633 Neuburg/Donau,
max.power GmbH,,,,,bna,,,An der Fahrt 5 - 55124 Mainz,
Max Energy GmbH,,,,,bna,,,August-Wessels-Str.27 - 86156 Augsburg,
medl GmbH,,,,,bna,,,Burgstraße 1 - 45476 Mülheim an der Ruhr,
MEGA Monheimer Elektrizitäts- und Gasversorgung GmbH,true,,false,false,false,Tel. 02173 / 9520-222,www.mega-monheim.de,,
mein-strom-direkt GmbH,,,,,bna,,,Kollegienwall 3-4 - 49074 Osnabrück,
meistro Energie GmbH,,,,,bna,,,Nürnberger Straße 58 - 85055 Ingolstadt,
METANK Gas+Strom GmbH,,,,,bna,,,Oldendorfer Straße 37-39 - 49324 Melle,
Meyer Erneuerbare Energien GmbH,,,,,bna,,,Hinterm Holze 10 - 27235 Twistringen,
Mindener Stadtwerke GmbH,,true,false,false,true,0800 5278941,www.mindener-stadtwerke.de/angebote/oekostrom.html,Großer Domhof 3 - 32423 Minden,regional
Mineralöl Harrer GmbH,,,,,bna,,,Am Öferl 7 - 82362 Weilheim,
mivolta GmbH,,,,,bna,,,Am Haag 10 - 82166 Gräfelfing,
MONTANA Energieversorgung GmbH & Co. KG,,,,,bna,,,Dr.-Max-Straße 26 - 82031 Grünwald,
Mundt GmbH Hannover,,,,,bna,,,Davenstedter Straße 146 - 30453 Hannover,
MWEnergy GmbH,,,,,bna,,,Hochstraße 1 - 40670 Meerbusch,
MyEnergy UG (haftungsbeschränkt),,,,,bna,,,Im Bogen 2 - 89362 Offingen,
NaturEnergie + Deutschland GmbH,,true,false,false,true,0800 9999973,www.naturenergieplus.de/oekostrom/tarife/active-002,Heilbronner Straße 40 - 75417 Mühlacker,bundesweit
NatürlicheEnergie EMH GmbH,,,,,bna,,,Auf der Grub 1 - 54472 Monzelfeld,
NATURSTROM AG,,true,false,false,false,naturstrom: 0211 77 900 100 BMW Green Energy: 0211 77900240,naturstrom: www.naturstrom.de/privatkunden/strom/ BMW Green Energy: http://strom.naturstrom.de/bmw-green-energy-powered-by-naturstrom-jetzt-wechseln/,,bundesweit
NaturStromHandel GmbH,,,,,bna,,,Parsevalstraße 11 - 40468 Düsseldorf,
Naturstrom Rheinland-Pfalz GmbH,,,,,bna,,,Schützenstraße 80-82 - 56068 Koblenz,
NaturStrom XL GmbH,,,,,bna,,,Parsevalstraße 11 - 40468 Düsseldorf,
NDW Norddeicher Wind GmbH & Co. KG,,,,,bna,,,Baumstr. 17 - 26506 Norden,
Neander Energie GmbH,,,,,bna,,,Wilhelmstraße 21 - 42489 Wülfrath,
NEB Neue Energie Berlin GmbH & Co. KG,,,,,bna,,,An der Plasche 4 - 16321 Berlin,
Neckermann Strom AG,,,,,bna,,,Südliche Münchner Straße 10 - 82031 Grünwald,
NE Projekt GmbH & Co. KG,,,,,bna,,,Eilveser Hauptstr. 56 - 31535 Neustadt,
NET Windenergie GmbH,,,,,bna,,,Lehfeld 5 - 21029 Hamburg,
NEW AG,,,,,bna,,,Odenkirchener Straße 201 - 41236 Mönchengladbach,
New Breeze GmbH & Co. Wind Wörrstadt KG,,,,,bna,,,Energie Allee 1 - 55286 Wörrstadt,
NEW Niederrhein Energie und Wasser GmbH,,true,false,false,false,0800 6886881,www.new-energie.de/privatkunden/strom/stromtarife/blauer-himmel,,regional
Next Kraftwerke GmbH,,,,,bna,,,Lichtstraße 43 g - 50825 Köln,
Nexus Energie GmbH,,,,,bna,,,Fritz-Vomfelde-Straße 34 - 40547 Düsseldorf,
Nexus Energy Deutschland GmbH,,,,,bna,,,Fritz-Vomfelde-Straße 34 - 40547 Düsseldorf,
Nexus Green GmbH,,,,,bna,,,Fritz-Vomfelde-Straße 34 - 40547 Düsseldorf,
NGBT Energie GmbH,,,,,bna,,,Rosacker 3 - 24887 Silberstedt,
Nienburg Energie GmbH,,,,,bna,,,An der Breiten Riede 9 - 31582 Nienburg/Weser,
Niers-Energie GmbH,,,,,bna,,,Kroatenstraße 125 - 47623 Kevelaer,
node.energy GmbH,,,,,bna,,,Platz der Einheit 2 - 60327 Frankfurt am Main,
Norbert Neuburger,,,,,bna,,,Auf der Höhe 15 - 21109 Hamburg,
Nordgröön Energie GmbH & Co. KG,,,,,bna,,,Hauptstraße 49 - 24994 Medelby,
Nordlicht Power GbR,,,,,bna,,,Lünzener Straße 55 - 29640 Schneverdingen,
NordostWerke GmbH,,,,,bna,,,Großbeerenstraße 181-183 - 14482 Potsdam,
Nord Stadtwerke GmbH,,,,,bna,,,Lorenz-von-Stein-Ring 1-5 - 24340 Eckernförde,
NRN Energie GmbH,,,,,bna,,,Mühlengasse 9 - 47574 Goch,
nvb Nordhorner Versorgungsbetriebe GmbH,,,,true,true,,,Gildkamp 10 - 48529 Nordhorn,
NWG Power GmbH,,,,,bna,,,Trittauer Amtsweg 19 - 22179 Hamburg,
Oberhessische Versorgungsbetriebe AG,,,,,bna,,,Hanauer Straße 9-13 - 61169 Friedberg,
ÖfA Ökostrom für Alle GmbH,,,,,bna,,,Overwegstraße 24 - 45879 Gelsenkirchen,
Ohra Energie GmbH,,,,,bna,,,Am Bahnhof 4 - 99880 Hörsel,
Ophirum Energy GmbH,,,,,bna,,,Friedensstraße 6-10 - 60311 Frankfurt am Main,
OptimalGrün GmbH,,,,,bna,,,Geyersberger Straße 16 - 94078 Freyung,
Optimization engineers GmbH,,,,,bna,,,Werkstraße 15 - 45527 Hattingen,
OTIMA Energie AG,,,,,bna,,,Rosenaue 24 - 15366 Neuenhagen,
Otto Fricke & Co. GmbH,true,,false,false,true,Tel. 05241 / 10054,www.fricke-oil.de,Kaiserstraße 36 - 33330 Gütersloh,
OVE GmbH & Co. KG,,,,,bna,,,Brunnenstraße 4 - 49214 Bad Rothenfelde,
paketsparer GmbH,,,,,bna,,,Zimmerstraße 78 - 10117 Berlin,
PassatEnergie GmbH,,,,,bna,,,Geniner Straße 80 - 23560 Lübeck,
Peter & Krebs Mineralölhandels GmbH,,,,,bna,,,Darwinstraße 4 - 10589 Berlin,
Pfalzwerke AG,true,,false,false,false,Tel. 0621 / 570573123,www.123energie.de,,
PFALZWERKE AKTIENGESELLSCHAFT,,true,false,false,false,0800 2792000,www.pfalzwerke.de,,regional
Poggelann Naturenergie GmbH & Co. KG,,,,,bna,,,Süderweg 1 - 25926 Bramstedtlund,
Poitzmann & Geißel Vertriebs GmbH,,,,,bna,,,Fuhrstraße 50 - 35083 Wetter,
Polarstern GmbH,,true,false,false,true,089 309042911,www.polarstern-energie.de/oekostrom/,Kreuzplätzchen 5 - 81669 München,bundesweit
Präg Strom & Gas GmbH & Co. KG,,,,,bna,,,Im Moos 2 - 87435 Kempten,
Primastrom GmbH,,,,,bna,,,Zimmerstraße 78 - 10117 Berlin,
Prio Services GmbH,,,,,bna,,,Europadamm 2-6 - 41460 Neuss,
Proefa GmbH,,,true,false,false,,,,
PROENGENO GmbH & Co. KG,,true,false,false,true,04902 9157000,www.proengeno.de/privatkunden/oekostrom,Nendorper Straße 15 - 26844 Jemgum,bundesweit
PROKON regenerative Energien eG,true,,true,false,false,Tel. 04821 / 6855222,www.prokon.net,,
PROKON Regenerative Energien GmbH,,,,,bna,,,Kirchhoffstraße 3 - 25524 Itzehoe,
Propan Rheingas GmbH & Co. KG,,,,,bna,,,Fischenicher Straße 23 - 50321 Brühl,
prosumergy GmbH,,,,,bna,,,Universitätsplatz 12 - 34127 Kassel,
Protea Energy Farm GmbH & Co. KG,,,,,bna,,,St. Johann Str. 4 - 70794 Filderstadt,
PST Europe Sales GmbH,,,,,bna,,,Arnulfstraße 19 - 80335 München,
Q1 Energie AG,,,,,bna,,,Rheinstraße 82 - 49090 Osnabrück,
Queichtal Energie Offenbach GmbH & Co. KG,,,true,false,false,,,,
Raiffeisen Energie GmbH & Co. KG,,,,,bna,,,Plathnerstraße 4A - 30175 Hannover,
Rakelbusch Heizölhandel GmbH,,,,,bna,,,Hainholzstraße 5 - 31558 Hagenburg,
Rationelle Energie Süd GmbH,,,,,bna,,,Heidenheimer Straße 28 - 73312 Geislingen an der Steige,
Regiogröön GmbH & Co. KG,,,,,bna,,,Hauptstraße 49 - 24994 Medelby,
Regionah Energie GmbH,,,,,bna,,,Brunnenbergstraße 27 - 89597 Munderkingen,
Regionale EnergieWerke GmbH,,,,,bna,,,Kaiserswerther Straße 215 - 40474 Düsseldorf,
Regionalwerk Bodensee GmbH & Co. KG,,true,false,false,true,07542 93790,www.rw-bodensee.de/privatkunden/oekostrom.html,Waldesch 29 - 88069 Tettnang,regional
regionalwerke GmbH & Co. KG,,,,,bna,,,Hauptstraße 59 - 84155 Bodenkirchen,
Regionalwerk Würmtal GmbH & Co. KG,,,,,bna,,,Bahnhofplatz 1 - 82131 Gauting,
RegioPlus Strom- und Gashandel GmbH,,,,,bna,,,Alt-Karow 28a - 13125 Berlin,
Reibert energie GmbH,,,,,bna,,,Am Seewasem 1 - 35216 Biedenkopf,
Remstalwerk GmbH & Co. KG,,,,,bna,,,Marktplatz 1 - 73630 Remshalden,
renergie GmbH,,,,,bna,,,Adenauerring 97 - 87439 Kempten,
Renergiewerke Buttenwiesen GmbH,,,,,bna,,,Marktplatz 4 - 86647 Buttenwiesen,
Repower AG,true,,false,false,false, ,,,
REWAG Regensburger Energie- und Wasserversorgung AG & Co KG,,true,false,false,false,0800 6016010,rewario.strom.natur: www.rewag.de/privatkunden/strom/rewariostromnatur.htmlrewario.strom.mobil: www.rewag.de/privatkunden/strom/rewariostrommobil.html,,regional
Rhegio Natur GmbH,,,,,bna,,,Industriestr. 15 - 46414 Rhede,
Rhein Energie AG,,,,,bna,,,Parkgürtel 24 - 50823 Köln,
RheinEnergie Express GmbH,,,,,bna,,,Parkgürtel 24 - 50823 Köln,
Rheinhessen-Energie GmbH,,,,,bna,,,Elisabethenstraße 1 - 55576 Sprendlingen,
Rheinhessische Energie- und Wasserversorgungs-GmbH,,,true,false,false,,,,
RheinWerke GmbH,,,,,bna,,,Höherweg 200 - 40233 Düsseldorf,
rhenag Rheinische Energie Aktiengesellschaft,,,true,false,false,,,,
RhönEnergie Fulda GmbH,,true,false,false,false,RhönSTROM Natur GSL: 0661 12450RhönStrom ÖkoRegio: 0661 12100,RhönSTROM Natur GSL: www.rhoenstrom.deRhönStrom ÖkoRegio: www.re-fd.de/strom/tarife/rhoenstrom-oekoregio,,RhönSTROM Natur GSL: bundesweitRhönStrom ÖkoRegio: regional
Richtwerk Energie GmbH iGr.,,,,,bna,,,Dieselstraße 5 - 42781 Haan,
Rieger GmbH & Co. KG,,,true,false,false,,,,
Rinklin Energie GbR,,,,,bna,,,Marienstr. 13b - 79356 Eichstetten,
Rinklin Naturkost GmbH,,,,,bna,,,Bruckmatten 18 - 79356 Eichstetten,
Rödl GmbH,,,,,bna,,,Nürnberger Straße 41 - 92318 Neumarkt,
Rolf Kopsicker GmbH,,,,,bna,,,Nikolaus-Otto-Straße 28 - 19061 Schwerin,
Rommel Energie GmbH,,,,,bna,,,Bergmannstraße 2 - 88471 Laupheim,
RS Utility Service UG (haftungsbeschränkt),,,,,bna,,,Hauptstraße 1 - 6772 Gräfenhainichen,
RUB Energy GmbH & Co. KG,,,,,bna,,,"Austraße 4 - 25365 Klein Offenseth-
Sparrieshoop",
RVW Regionale Versorgungswerke Kassel eG,,,,,bna,,,Sonnenweg 5 - 34260 Kaufungen,
RWE Vertrieb AG,,,,true,false,,,,
Saergas GmbH & Co. KG,,,,,bna,,,Hembergener Straße 10 - 48369 Saerbeck,
Schillhorn Strom und Gas GmbH,,,,,bna,,,Österstraße 13 - 25704 Meldorf,
Schimpfhauser & Dengler GmbH,,,,,bna,,,Victor-Kaluza-Straße 7 - 83607 Holzkirchen,
Schröder Gas GmbH & Co. KG,,,,,bna,,,Dibberser Bahnhof 5 - 27321 Thedinghausen,
Schuster & Sohn KG,,,,,bna,,,Kohlenhofstraße 6-12 - 67663 Kaiserslautern,
Schwarzwald Energy GmbH,,,true,false,true,,,Robert-Bosch-Straße 20 - 75365 Calw,
SD Energie GmbH,,,,,bna,,,Dresdner Straße 13 - 1156 Dresden,
SENEC GmbH,,,,,bna,,,Wittenberger Straße 15 - 4129 Leipzig,
servenergy GmbH,,,,,bna,,,Im Westerfelde 29 - 31224 Peine,
SE Sauber Energie GmbH & Co. KG,,,true,false,true,,,Bayenthalgürtel 9 - 50968 Köln,
Shell PrivatEnergie GmbH,,,,,bna,,,Suhrenkamp 71 - 77 - 22335 Hamburg,
Siegener Versorgungsbetriebe GmbH,,,true,false,true,,,Morleystraße 29 - 37 - 57072 Siegen,
Smiling Green Energy GmbH,,,,,bna,,,Grubesallee 24 - 22143 Hamburg,
Solar Genossenschaft Rosenheim e.G.,,,true,false,true,,,Am Gangsteig 16 - 83024 Rosenheim,
SOLARIMO GmbH,,,,,bna,,,Friedrichstraße 200 - 10117 Berlin,
Solar Nord Ost GbR,,,,,bna,,,Eilveser Hauptstr. 56 - 31535 Neustadt,
"Solarpark Meerane II UG (haftungsbeschränkt) & Co.
KG",,,,,bna,,,Kieler Straße 29 - 24119 Kronshagen,
Sonnenbatterie Energie GmbH,,,,,bna,,,"im Innovationspark Allgäu
Am Riedbach 1 - 87499 Wildpoldsried",
sonnen eService GmbH,,,,,bna,,,"im Innovationspark Allgäu
Am Riedbach 1 - 87499 Wildpoldsried",
Sparenergie GmbH,,,,,bna,,,Iglauerstraße 1 - 1279 Dresden,
Sparkasse Siegen,,,,,bna,,,Postfach 10 09 48 - 57009 Siegen,
"SpreeGas Gesellschaft für Gasversorgung und
Energiedienstleistung mbH",,,,,bna,,,Nordparkstraße 30 - 3044 Cottbus,
Städtische Werke AG,,,,,bna,,,Königstor 3-13 - 34117 Kassel,
Städtische Werke Magdeburg GmbH & Co. KG,,,,,bna,,,Am Alten Theater 1 - 39104 Magdeburg,
Städtische Werke Spremberg (Lausitz) GmbH,,,,,bna,,,Lustgartenstraße 4a - 3130 Spremberg,
Stadt- und Überlandwerke GmbH Lübben,,,,,bna,,,Bahnhofstraße 30 - 15907 Lübben,
Stadt- und Überlandwerke GmbH Luckau-Lübbenau,,,,,bna,,,Am Bahnhof 2 - 15926 Luckau,
Stadtwerk am See GmbH & Co. KG,true,,false,false,true, ,www.stadtwerk-am-see.de,Kurt-Wilde-Straße 10 - 88662 Überlingen,
Stadtwerke Aachen AG,true,,false,false,false,Tel. 0241 / 181-0,www.stawag.de,,
Stadtwerke Altdorf GmbH,true,,false,false,true,Tel. 09187 / 929-0,www.stadtwerke-altdorf.de,Herbrucker Str. 6a - 90518 Altdorf,
Stadtwerke Amberg Versorgungs GmbH,,,,,bna,,,Gasfabrikstraße 16 - 92224 Amberg,
Stadtwerke Andernach GmbH,,,true,false,true,,,Läufstraße 4 - 56626 Andernach,
Stadtwerke Annweiler am Trifels,,true,false,false,false,06346 30090,www.stadtwerke-annweiler.de/index.php/oekostrom.html,,regional
Stadtwerke Arnsberg GmbH,,,true,false,false,,,,
"Stadtwerke Arnsberg Vertriebs und
Energiedienstleistungs GmbH",,,,,bna,,,Niedereimerfeld 22 - 59823 Arnsberg,
Stadtwerke Aue GmbH,,,,,bna,,,Mühlstraße 4 - 8280 Aue,
Stadtwerke Augsburg Energie GmbH,,,,,bna,,,Hoher Weg 1 - 86152 Augsburg,
Stadtwerke Aurich GmbH,,,,,bna,,,Wallstraße 54 - 26603 Aurich,
Stadtwerke Backnang GmbH,,,,,bna,,,Schlachthofstraße 6-10 - 71522 Backnang,
Stadtwerke Bad Belzig GmbH,,,true,false,true,,,Mauerstraße 17 - 14806 Bad Belzig,
Stadtwerke Bad Brückenau GmbH,,,true,false,true,,,Sinnaustraße 14 - 97769 Bad Brückenau,
Stadtwerke Bad Dürkheim,,true,false,false,false,06322 935813,www.sw-duerkheim.de/strom-stadtwerke/naturstrom/naturstrom.html,,regional
Stadtwerke Bad Friedrichshall,,,,,bna,,,Saline 1 - 74177 Bad Friedrichshall,
Stadtwerke Bad Harzburg GmbH,,,,true,false,,,,
Stadtwerke Bad Herrenalb GmbH,,,true,false,false,,,,
Stadtwerke Bad Hersfeld GmbH,,,true,false,false,,,,
Stadtwerke Bad Homburg v. d. Höhe,,,,,bna,,,Louisenstraße 148 - 61348 Bad Homburg v. d. Höhe,
Stadtwerke Bad Langensalza GmbH,,,,,bna,,,Illebener Weg 11a - 99947 Bad Langensalza,
Stadtwerke Bad Nauheim GmbH,,,,,bna,,,Hohe Straße 14-18 - 61231 Bad Nauheim,
Stadtwerke Bad Pyrmont Energie und Verkehrs GmbH,,,,true,false,,,,
Stadtwerke Bad Sachsa GmbH,,,,true,false,,,,
Stadtwerke Bad Salzdetfurth GmbH,,,,true,false,,,,
Stadtwerke Bad Saulgau,,,true,false,false,,,,
Stadtwerke Bad Tölz GmbH,,,,,bna,,,An der Osterleite 2 - 83646 Bad Tölz,
Stadtwerke Bad Vilbel GmbH,,,,,bna,,,Theodor-Heuss-Straße 51 - 61118 Bad Vilbel,
Stadtwerke Barmstedt Xtra GmbH,,,,,bna,,,Bahnhofstraße 27 - 25355 Barmstedt,
Stadtwerke Barsinghausen GmbH,,,true,false,true,,,Poststraße 1 - 30890 Barsinghausen,
Stadtwerke Barth,,,,,bna,,,Hölzern-Kreuz-Weg 11 - 18356 Barth,
Stadtwerke Bayreuth Energiehandel GmbH,,,,,bna,,,Birkenstraße 2 - 95447 Bayreuth,
Stadtwerke Bayreuth Energie und Wasser GmbH,,,,,bna,,,Birkenstraße 2 - 95447 Bayreuth,
Stadtwerke Bliestal GmbH,,true,false,false,false,06381 42070,www.stadtwerke.kusel.de,,regional
Stadtwerke Böblingen GmbH,,,,,bna,,,Wolfgang-Brumme-Allee 32 - 71032 Böblingen,
Stadtwerke Bogen GmbH,,,,,bna,,,Agendorfer Straße 19 - 94327 Bogen,
Stadtwerke Böhmetal GmbH,,,,,bna,,,Poststraße 4 - 29664 Walsrode,
Stadtwerke Bramsche GmbH,,,,true,false,,,,
Stadtwerke Brilon Energie GmbH,,,,,bna,,,Keffelker Straße 27 - 59929 Brilon,
Stadtwerke Brunsbüttel GmbH,,,,,bna,,,Koogstraße 61-63 - 25541 Brunsbüttel,
Stadtwerke Buchholz in der Nordheide GmbH,,,,true,false,,,,
Stadtwerke Burgdorf,,,,,bna,,,Schmiedestraße 12c - 31290 Burgdorf,
Stadtwerke Burgdorf GmbH,,,,true,false,,,,
Stadtwerke Buxtehude GmbH,,,,true,false,,,,
Stadtwerke Castrop-Rauxel GmbH,,,true,false,true,,,Lönsstraße 12 - 44575 Castrop-Rauxel,
Stadtwerke Celle GmbH,,,true,false,true,,,Magnusstraße 2 - 29221 Celle,
Stadtwerke Clausthal-Zellerfeld GmbH,,,,true,false,,,,
Stadtwerke Coesfeld GmbH,,,,,bna,,,Dülmener Straße 80 - 48653 Coesfeld,
Stadtwerke Cottbus GmbH,,,,,bna,,,Karl-Liebknecht-Straße 130 - 3046 Cottbus,
Stadtwerke Dachau (Eigenbetrieb der Stadt Dachau),,,,,bna,,,Brunngartenstraße 3 - 85221 Dachau,
Stadtwerke Deggendorf GmbH,,,,,bna,,,Graflinger Straße 36 - 94469 Deggendorf,
Stadtwerke Deidesheim GmbH,,,true,false,false,,,,
Stadtwerke Delmenhorst GmbH,,,true,false,true,,,Fischstraße 32-34 - 27749 Delmenhorst,
Stadtwerke Diez GmbH,,,,,bna,,,Oraniensteiner Straße 5 - 65582 Diez,
Stadtwerke Dorfen GmbH,,,,,bna,,,Haager Straße 31 - 84405 Dorfen,
Stadtwerke Dreieich GmbH,,,,,bna,,,Eisenbahnstraße 140 - 63303 Dreieich,
Stadtwerke Düsseldorf AG,,,,,bna,,,Höherweg 100 - 40233 Düsseldorf,
Stadtwerke Einbeck GmbH,,,,true,false,,,,
Stadtwerke Eisenberg Energie GmbH,,,,,bna,,,Etzdorfer Straße 2 - 7607 Eisenberg,
Stadtwerke Eisenberg GmbH,,,,,bna,,,Etzdorfer Straße 2 - 7607 Eisenberg,
Stadtwerke Elm-Lappwald GmbH,,,,,bna,,,Marktstraße 18 - 38154 Königslutter am Elm,
Stadtwerke Emden GmbH,,,,true,false,,,,
Stadtwerke Energie Verbund SEV GmbH,,,,,bna,,,Poststraße 4 - 59174 Kamen,
Stadtwerke Eppingen GmbH & Co. KG,,,,,bna,,,Marktplatz 1 - 5 - 75031 Eppingen,
Stadtwerke Espelkamp Anstalt öffentlichen Rechts,,,,,bna,,,Wilhelm-Kern-Platz 1 - 32339 Espelkamp,
Stadtwerke Ettlingen GmbH,true,,false,false,false,Tel. 07243 / 101-619,www.sw-ettlingen.de,,
Stadtwerke Eutin GmbH,true,,false,false,false,Tel. 04521 / 705300,www.stadtwerke-eutin.de/,,
Stadtwerke Finsterwalde GmbH,,,,,bna,,,Langer Damm 14 - 3238 Finsterwalde,
Stadtwerke Flensburg GmbH,true,,false,false,false,Tel. 0461 / 487 44 55,www.stadtwerke-flensburg.de,,
Stadtwerke Forchheim,,,,,bna,,,Haidfeldsraße 8 - 91301 Forchheim,
Stadtwerke Forst GmbH,,,,,bna,,,Euloer Straße 90 - 3149 Forst (Lausitz),
Stadtwerke Frankenthal GmbH,true,,false,false,true,Tel. 06233 / 602-0,www.swift-energy.de,Wormser Straße 111 - 67227 Frankenthal (Pfalz),
Stadtwerke Frankfurt (Oder) GmbH,,,,,bna,,,Karl-Marx-Straße 195 - 15230 Frankfurt (Oder),
Stadtwerke Freiberg a.N. Vertriebs-GmbH,,,,,bna,,,Marktplatz 2 - 71691 Freiberg am Neckar,
Stadtwerke Freudenstadt GmbH & Co. KG,,,,,bna,,,Reichsstraße 9 - 72250 Freudenstadt,
Stadtwerke Garbsen GmbH,,,,true,true,,,Kochslandweg 20-22 - 30823 Garbsen,
Stadtwerke Geldern GmbH,true,,false,false,false,Tel. 02831 / 9333-43,www.swgeldern.de,,
Stadtwerke Gelnhausen GmbH,,,,,bna,,,Philipp-Reis-Straße 1-3 - 63571 Gelnhausen,
Stadtwerke Georgsmarienhütte GmbH,,,,true,true,,,Malberger Straße 13 - 49124 Georgsmarienhütte,
Stadtwerke Gescher GmbH,,,,,bna,,,Inselstraße 5 - 48712 Gescher,
Stadtwerke Gießen AG,,,,,bna,,,Lahnstraße 31 - 35398 Gießen,
Stadtwerke Gifhorn GmbH,,,,,bna,,,Torstraße 7 - 38505 Gifhorn,
Stadtwerke Gotha GmbH,,,,,bna,,,Pfullendorfer Straße 83 - 99867 Gotha,
Stadtwerke Göttingen AG,,,,,bna,,,Hildebrandstraße 1 - 37081 Göttingen,
Stadtwerke Greifswald GmbH,,,,,bna,,,Gützkower Landstraße 19-21 - 17489 Greifswald,
Stadtwerke Greven GmbH,,,,,bna,,,Saerbecker Straße 77-81 - 48268 Greven,
Stadtwerke Grevesmühlen GmbH,,,,,bna,,,Grüner Weg 26 - 23936 Grevesmühlen,
Stadtwerke Grimma GmbH,,,,,bna,,,Lange Straße 17 - 4668 Grimma,
Stadtwerke Groß-Gerau Versorgungs GmbH,,,,,bna,,,Darmstädter Straße 53 - 64521 Groß-Gerau,
Stadtwerke Güstrow GmbH,,,,,bna,,,Glasewitzer Chaussee 56 - 18273 Güstrow,
Stadtwerke Haan GmbH,,,,,bna,,,Leichlinger Straße 2 - 42781 Haan,
Stadtwerke Haltern am See GmbH,,,,,bna,,,Recklinghäuser Straße 49a - 45721 Haltern am See,
Stadtwerke Hannover AG,,,,true,false,,,,
Stadtwerke Harsewinkel GmbH,,,,,bna,,,Münsterstraße 8 - 33428 Harsewinkel,
Stadtwerke Hattingen GmbH,,,,,bna,,,Gasstraße 1 - 45525 Hattingen,
Stadtwerke Hechingen,,,,,bna,,,Alte Rottenburger Straße 5 - 72379 Hechingen,
Stadtwerke Heidelberg Energie GmbH,true,,false,false,true,Tel. 06221 / 513-0,www.hvv-heidelberg.de,Kurfürsten-Anlage 42-50 - 69115 Heidelberg,
"Stadtwerke Heiligenhafen
Eigenbetrieb der Stadt Heiligenhafen",,,,,bna,,,Am Jachthafen 4a - 23774 Heiligenhafen,
Stadtwerke Herborn GmbH,,,,,bna,,,Walkmühlenweg 12 - 35745 Herborn,
Stadtwerke Herford GmbH,,,,,bna,,,Werrestraße 103 - 32049 Herford,
Stadtwerke Herrenberg,,,,,bna,,,Stuttgarter Straße 92 - 71083 Herrenberg,
Stadtwerke Hilden GmbH,,,,,bna,,,Am Feuerwehrhaus 1 - 40724 Hilden,
"Stadtwerke Hollfeld, Eigenbetrieb",,,,,bna,,,Marienplatz 18 - 96142 Hollfeld,
Stadtwerke Holzminden GmbH,,,,,bna,,,Rehwiese 28 - 37603 Holzminden,
Stadtwerke Homburg GmbH,,,,,bna,,,Lessingstraße 3 - 66424 Homburg,
Stadtwerke Iserlohn GmbH,true,,false,false,false,Tel. 0800 / 5892242,www.sauerlandstrom-natur.de,,
Stadtwerke Kaarst GmbH,,,,,bna,,,Am Neumarkt 2 - 41564 Kaarst,
Stadtwerke Kalkar GmbH & Co. KG,,,,,bna,,,Industriepark 4 - 47546 Kalkar,
Stadtwerke Karlsruhe GmbH,true,,false,false,false,Tel. 0800 / 200 300 6,www.stadtwerke-karlsruhe.de,,
Stadtwerke Kiel AG,,,,,bna,,,Uhlenkrog 32 - 24113 Kiel,
Stadtwerke Konstanz GmbH,,,true,false,true,,,Max-Stromeyer-Straße 21-29 - 78467 Konstanz,
Stadtwerke Korschenbroich GmbH,,,,,bna,,,Sebastianusstraße 1 - 41352 Korschenbroich,
Stadtwerke Kulmbach,,,,,bna,,,Hofer Straße 14 - 95326 Kulmbach,
Stadtwerke Külsheim GmbH,,,,,bna,,,Am E-Werk 8 - 97900 Külsheim,
Stadtwerke Lage GmbH,,,,,bna,,,Pivitsheider Straße 21 - 32791 Lage,
Stadtwerke Lambrecht (Pfalz) GmbH,,true,false,false,false,06325 1890,www.sw-lambrecht.de,,regional
Stadtwerke Landsberg KU,,,true,false,true,,,Epfenhauser Straße 12 - 86899 Landsberg am Lech,
Stadtwerke Langenfeld GmbH,true,,false,false,true,Tel. 02173 / 979-542,www.stw-langenfeld.de,Langforter Straße 7 - 40764 Langenfeld,
Stadtwerke Langen GmbH,,,,,bna,,,Weserstraße 14 - 63225 Langen,
Stadtwerke Lauterbach GmbH,,,,,bna,,,Hinter dem Spittel 15 - 36341 Lauterbach,
Stadtwerke Lebach GmbH,,,,,bna,,,Hans-Schardt-Straße 1a - 66822 Lebach,
Stadtwerke Lehrte GmbH,,,,,bna,,,Manskestraße 19 - 31275 Lehrte,
Stadtwerke Leichlingen GmbH,,,,,bna,,,Im Brückerfeld 15 - 42799 Leichlingen,
Stadtwerke Lengerich GmbH,true,,false,false,false,Tel. 054 81 / 80 05-40,www.stadtwerke-lengerich.de,,
Stadtwerke Lindau (B) GmbH & Co. KG,,,true,false,false,,,,
Stadtwerke Lingen GmbH,,,,true,true,,,Waldstraße 31 - 49808 Lingen/Ems,
Stadtwerke Lippstadt,true,,false,false,false,Tel. 02941 / 2829-12,www.stadtwerke-lippstadt.de,,
Stadtwerke Löbau GmbH,,,,,bna,,,Georgewitzer Straße 54 - 2708 Löbau,
Stadtwerke Löffingen,,true,false,false,false,07654 8020,www.stadtwerke-loeffingen.de/index.php?id=420,,regional
Stadtwerke Loitz GmbH,,,true,false,true,,,Lange Straße 83 - 17121 Loitz,
Stadtwerke Lüdenscheid GmbH,true,,false,false,false,Tel. 0800 / 157 1000,www.swls.de,,
Stadtwerke Ludwigsburg GmbH,,,,,bna,,,Gänsfußallee 23 - 71636 Ludwigsburg,
Stadtwerke Ludwigsburg-Kornwestheim GmbH,true,,false,false,false,Tel. 07141 / 910-2577,martina.hailer@swlb.de,,
Stadtwerke Lünen GmbH,,,,,bna,,,Borker Straße 56-58 - 44534 Lünen,
Stadtwerke Malchow,,,,,bna,,,Straße der Jugend 2 - 17213 Malchow,
Stadtwerke Marburg,,,,,bna,,,Am Krekel 55 - 35009 Marburg,
Stadtwerke Menden GmbH,,true,false,false,false,02373 169 2313,naturliebeStrom: www.naturliebe-strom.de E-mobil: daheim: www.stadtwerke-menden.de,,regional
Stadtwerke Metzingen,,,true,false,false,,,,
"Stadtwerke Metzingen
Eigenbetrieb der Stadt Metzingen",,,,,bna,,,Stuttgarter Straße 59 - 72555 Metzingen,
Stadtwerke Mosbach GmbH,,,true,false,true,,,Am Henschelberg 6 - 74821 Mosbach,
Stadtwerke Mühlhausen GmbH,,,,,bna,,,Windeberger Landstrße 73 - 99974 Mühlhausen,
Stadtwerke MüllheimStaufen GmbH,true,,true,false,true,Tel. 07631 / 93608-0,www.sw-muellheimstaufen.de,Marktstraße 1-3 - 79379 Müllheim,
Stadtwerke Munster-Bispingen GmbH,,,,true,false,,,,
Stadtwerke Münster GmbH,,true,false,false,false,0251 6941212,www.stadtwerke-muenster.de/privatkunden/strom/alle-stromprodukte/muensternatuerlich/produktuebersicht.html,,bundesweit
Stadtwerkenergie Ostwestfalen-Lippe GmbH,,,true,false,true,,,Am Gelskamp 10 - 32758 Detmold,
Stadtwerke Neuenhaus GmbH,,,,,bna,,,Berliner Straße 12 - 49828 Neuenhaus,
Stadtwerke Neuffen AG,,,,,bna,,,Bahnhofstraße 32 - 72639 Neuffen,
Stadtwerke Neuruppin GmbH,,,,,bna,,,Heinrich-Rau-Straße 3 - 16816 Neuruppin,
Stadtwerke Neuss Energie und Wasser GmbH,,,,,bna,,,Moselstraße 25-27 - 41464 Neuss,
Stadtwerke Neuss GmbH,,,true,false,true,,,Moselstraße 25-27 - 41464 Neuss,
Stadtwerke Neustadt/Weinstraße GmbH,,true,false,false,false,06321 402271,www.swneustadt.de,,regional
Stadtwerke Neustadt a. d. Aisch GmbH,,,true,false,false,,,,
Stadtwerke Neustadt a. Rbge. GmbH,,,,true,false,,,,
Stadtwerke Neustadt an der Orla GmbH,,,,,bna,,,Ernst-Thälmann-Straße 18 - 7806 Neustadt an der Orla,
Stadtwerke Neustadt an der Weinstraße GmbH,,,true,false,false,,,,
Stadtwerke Norderney GmbH,,,,true,false,,,,
Stadtwerke Northeim GmbH,,,,true,false,,,,
Stadtwerke Oberkirch GmbH,,,,,bna,,,Appenweierer Straße 54 - 77704 Oberkirch,
Stadtwerke Oberursel (Taunus) GmbH,,,,,bna,,,Oberurseler Straße 55-57 - 61440 Oberursel (Taunus),
Stadtwerke Oerlinghausen GmbH,,,,,bna,,,Rathausstraße 23 - 33813 Oerlinghausen,
Stadtwerke Olching GmbH,,,true,false,true,,,Ilzweg 1 - 82140 Olching,
Stadtwerke Oldenburg in Holstein GmbH,,,true,false,true,,,Markt 1 - 23758 Oldenburg in Holstein,
Stadtwerke Oranienburg GmbH,,,,,bna,,,Klagenfurter Straße 41 - 16515 Oranienburg,
Stadtwerke Osnabrück AG,,,,true,false,,,,
Stadtwerke Overath Energie GmbH,,,,,bna,,,Hauptstraße 25 - 51491 Overath,
Stadtwerke Paderborn GmbH,,,,,bna,,,Rolandsweg 80 - 33102 Paderborn,
Stadtwerke Pasewalk GmbH,,,,,bna,,,An den Stadtwerken 2 - 17309 Pasewalk,
Stadtwerke Passau GmbH,,,,,bna,,,Regensburger Straße 29 - 94036 Passau,
Stadtwerke Peine GmbH,,,,true,false,,,,
Stadtwerke Pfaffenhofen a. d. Ilm,,,true,false,false,,,,
Stadtwerke Pfullendorf GmbH,true,,false,false,false,Tel. 07552 / 25-1859,www.pfullendorf.de/stadtwerke,,
Stadtwerke Pinneberg GmbH,,true,false,false,false,04101 2030,www.stadtwerke-pinneberg.de/privatkunden/strom/pinnau-strom-natur.html,,regional
Stadtwerke Pirmasens Versorgungs GmbH,,true,false,false,false,06331 8760,www.stadtwerke-pirmasens.de/index.php?id=41,,regional
"Stadtwerke Plattling
Eigenbetrieb der Stadt Plattling",,,,,bna,,,Simon-Ohm-Straße 3 - 94447 Plattling,
Stadtwerke Plön Versorgungs GmbH,true,,false,false,true,Tel. 04522 / 80 89 90,www.stadtwerke-ploen.de,Lübecker Straße 20 - 24306 Plön,
Stadtwerke Porta Westfalica GmbH,,,,,bna,,,Fähranger 18 - 32457 Porta Westfalica,
Stadtwerke Pulheim GmbH,,,,,bna,,,Christianstraße 39 - 50259 Pulheim,
Stadtwerke Rees GmbH,,,true,false,true,,,Melatenweg 171 - 46459 Rees,
Stadtwerke Reichenbach/Vogtland GmbH,,,true,false,false,,,,
Stadtwerke Rietberg-Langenberg GmbH,,,,,bna,,,Rügenstraße 1 - 33397 Rietberg,
Stadtwerke Rinteln GmbH,,,,true,false,,,,
Stadtwerke Rodgau Energie GmbH,,,,,bna,,,Friedberger Straße 37 - 63110 Rodgau,
StadtWerke Rösrath - Energie GmbH,true,,true,false,true,Tel. 0241 / 181-7520,www.stadtwerke-roesrath.de,Hauptstraße 142 - 51503 Rösrath,
Stadtwerke Rotenburg (Wümme) GmbH,,,,true,false,,,,
Stadtwerke Rottenburg am Neckar GmbH,,,true,false,false,,,,
Stadtwerke Saalfeld GmbH,,,,,bna,,,Remschützer Straße 42 - 7318 Saalfeld,
Stadtwerke Schaumburg-Lippe GmbH,,,,true,false,,,,
Stadtwerke Schloß Holte-Stukenbrock GmbH,,,,,bna,,,Rathausstraße 7 - 33758 Schloß Holte-Stukenbrock,
Stadtwerke Schmalkalden GmbH,,,,,bna,,,Altmarkt 1 - 98574 Schmalkalden,
Stadtwerke Schneverdingen GmbH,,,,,bna,,,Harburger Straße 21 - 29640 Schneverdingen,
Stadtwerke Schneverdingen-Neuenkirchen GmbH,,,,true,false,,,,
Stadtwerke Schönebeck GmbH,,,,,bna,,,Friedrichstraße 117 - 39218 Schönebeck,
Stadtwerke Schramberg GmbH & Co. KG,,true,false,false,false,07422 95340,www.stadtwerke-schramberg.de/de/Privatkunden,,regional
Stadtwerke Schüttorf GmbH,,,,true,false,,,,
Stadtwerke Schwäbisch Gmünd GmbH,true,,false,false,false,Tel. 07171 / 603 8111,www.nichtwegzudenken.de,,
Stadtwerke Schwentinental GmbH,,,true,false,false,,,,
Stadtwerke Senftenberg GmbH,,,,,bna,,,Laugkstraße 13 - 15 - 1968 Senftenberg,
Stadtwerke Soltau GmbH,,,true,false,false,,,,
Stadtwerke Soltau GmbH & Co. KG,,,,true,true,,,Weinberg 46 - 29614 Soltau,
Stadtwerke Springe GmbH,,true,false,true,true,05041 640798,www.stadtwerke-springe.de/privatkunden/stromprodukte/springenaturstrom/,Zum Oberntor 19 - 31832 Springe,regional
Stadtwerke St. Ingbert GmbH,,true,false,false,false,06894 95520,www.sw-igb.de/strom/produkte.html,,regional
Stadtwerke Stade GmbH,,,,true,false,,,,
Stadtwerke Stadtoldendorf GmbH,,,,,bna,,,Holeburgweg 8 - 37627 Stadtoldendorf,
Stadtwerke Steinfurt GmbH,,,,,bna,,,Wiemelfeldstraße 48 - 48565 Steinfurt,
Stadtwerke Straubing Strom und Gas GmbH,,,,,bna,,,Sedanstr. 10 - 94315 Straubing,
Stadtwerke - Strom Plauen GmbH & Co. KG,,,,,bna,,,Hammerstraße 68 - 8523 Plauen,
Stadtwerke Stuttgart Vertriebsgesellschaft mbH,,,true,false,true,,,Friedrichstraße 45 - 70174 Stuttgart,
Stadtwerke Tecklenburger Land Energie GmbH,,,,,bna,,,Alte Münsterstraße 16 - 49477 Ibbenbüren,
Stadtwerke Teterow GmbH,,,,,bna,,,Gasstraße 26 - 17166 Teterow,
Stadtwerke Thale GmbH,,,,,bna,,,Tunnelweg 2 - 6502 Thale,
Stadtwerke Torgelow GmbH,,,,,bna,,,Albert-Einstein-Straße 79 - 17358 Torgelow,
Stadtwerke Troisdorf GmbH,,,true,false,true,,,Poststraße 105 - 53840 Troisdorf,
Stadtwerke Tübingen GmbH,,,,,bna,,,Eisenhutstraße 6 - 72014 Tübingen,
Stadtwerke Uelzen GmbH,,,,true,false,,,,
Stadtwerke Uslar GmbH,,,,true,false,,,,
Stadtwerke Velten GmbH,,,,,bna,,,Viktoriastraße 12 - 16727 Velten,
Stadtwerke Verden GmbH,,,,true,false,,,,
Stadtwerke Viernheim GmbH,,,,,bna,,,Industriestraße 2 - 68519 Viernheim,
Stadtwerke Voerde GmbH,,,,,bna,,,Rathausplatz 20 - 46562 Voerde,
Stadtwerke Waiblingen GmbH,true,,false,false,false,Tel. 07151 / 131-184,www.sw-muellheimstaufen.de,,
Stadtwerke Waldkirch,,,,,bna,,,Fabrikstraße 15 - 79183 Waldkirch,
Stadtwerke Waldkirch GmbH,true,,true,false,false,Tel. 07681 477889-99,www.stadtwerke-waldkirch.de,,
Stadtwerke Walldorf GmbH,,,,,bna,,,Altrottstraße 39 - 69190 Walldorf,
Stadtwerke Waltrop GmbH & Co. KG,,,,,bna,,,Münsterstraße 1 - 45731 Waltrop,
Stadtwerke Waren GmbH,,,,,bna,,,Ernst-Alban-Straße 2 - 17192 Waren,
Stadtwerke Wedel GmbH,,,,,bna,,,Feldstraße 150 - 22880 Wedel,
Stadtwerke Weilburg GmbH,,,,,bna,,,Lessingstraße 6 - 35781 Weilburg an der Lahn,
Stadtwerke Weilheim i.OB Energie GmbH - SWE,,,,,bna,,,Krumpperstraße 21 - 82362 Weilheim,
"Stadtwerke Weinstadt
Eigenbetrieb der Stadt Weinstadt",,,,,bna,,,Schorndorfer Straße 22 - 71384 Weinstadt,
Stadtwerke Wernigerode GmbH,,,,,bna,,,Am Kupferhammer 38 - 38855 Wernigerode,
Stadtwerke Wesel GmbH,,,true,false,true,,,Emmericher Straße 11-29 - 46485 Wesel,
Stadtwerke Weserbergland,,true,false,false,false,05151 822870,www.stadtwerke-weserbergland.de/angebote/naturstrom.html,,regional
Stadtwerke Weserbergland GmbH,,,,,bna,,,Hafenstr. 14 - 31785 Hameln,
"Stadtwerke Westmünsterland Energiekooperation
GmbH & Co. KG",,,,,bna,,,Dülmener Straße 80 - 48653 Coesfeld,
Stadtwerke Willich GmbH,true,,false,false,true,Tel. 02154 / 4702-280,www.stadtwerke-willich.de,Brauereistraße 7 - 47877 Willich,
Stadtwerke Winnenden GmbH,,,,,bna,,,Wiesenstraße 10 - 71364 Winnenden,
Stadtwerke Winsen (Luhe) GmbH,,,,true,false,,,,
Stadtwerke Wismar GmbH,,,,,bna,,,Flöter Weg 6 - 12 - 23970 Wismar,
Stadtwerke Wissen GmbH,,,,,bna,,,Wiesenstraße 2 - 57537 Wissen,
Stadtwerke Wolfenbüttel GmbH,,,true,true,false,,,,
Stadtwerke Wunstorf GmbH,,,,,bna,,,An der Nonnenwiese 7 - 31515 Wunstorf,
Stadtwerke Zeil a. Main Energie am Fluss,,,true,false,false,,,,
Stadtwerke Zeven GmbH,,,,true,false,,,,
Stadtwerke Zweibrücken GmbH,,true,false,false,false,06332 8740,www.stadtwerke-zw.de/privatkunden/strom/naturstrom/,,regional
Stadtwerk Haßfurt GmbH,,,,,bna,,,Augsfelder Straße 6 - 97437 Haßfurt,
Stadtwerk Rheda-Wiedenbrück GmbH & Co. KG,,,true,false,true,,,Rathausplatz 13 - 33378 Rheda-Wiedenbrück,
Stadtwerk Tauberfranken GmbH,,,,,bna,,,Max-Planck-Straße 5 - 97980 Bad Mergentheim,
Stadtwerk Verl GmbH,,,,,bna,,,Paderborner Straße 28 - 33415 Verl,
Statkraft Markets GmbH,,,,,bna,,,Derendorfer Allee 2a - 40476 Düsseldorf,
Stiebel Eltron GmbH & Co. KG,,,true,false,false,,,,
Strogon GmbH,,,,,bna,,,Bonngasse 10 - 53111 Bonn,
Stromio GmbH,true,,false,false,false,Stromio Kundenservice Tel. (Festnetz) 0800 / 58 58 224 Tel. (mobil) 0211 / 777 957 10,https://www.gruenwelt.de/,,
Stromversorgung Angermünde GmbH,,,,,bna,,,Schleusenstraße 7 - 16278 Angermünde,
Stromversorgung Inzell eG,,,true,false,false,,,,
Stromversorgung Neunkirchen GmbH,,true,false,false,false,09123 1730,www.stwl.lauf.de/de/Strom/Oekostrom/Sie-wollen-Strom-aber-natuerlich.html,,regional
StromVersorgung Ruhpolding GmbH,,,true,false,false,,,,
Stromversorgung von Berg GmbH,,,,,bna,,,Klebweg 6 - 74653 Künzelsau,
Stromvertrieb Backnang GmbH & Co. KG,,,true,false,true,,,Schlachthofstraße 6-10 - 71512 Backnang,
STWB Stadtwerke Bamberg GmbH,,,true,false,false,,,,
StWL Städtische Werke Lauf a.d. Pegnitz GmbH,,true,false,false,false,09123 1730,www.stwl.lauf.de/de/Strom/Oekostrom/Sie-wollen-Strom-aber-natuerlich.html,,regional
susiEnergie GmbH,true,,true,false,true,Tel. 0800 / 7874123,,Gerberstraße 7 - 88250 Weingarten,
Süwag Vertrieb AG & Co. KG,,,,,bna,,,Schützenbleiche 9 - 11 - 65929 Frankfurt am Main,
SVO Vertrieb GmbH,,,,true,false,,,,
SWB Stadtwerke Balingen,,,,,bna,,,Wasserwiesen 37 - 72336 Balingen,
swb Vertrieb Bremen GmbH,,,,,bna,,,Theodor-Heuss-Allee 20 - 28215 Bremen,
swb Vertrieb Bremerhaven GmbH & Co. KG,,,,,bna,,,Rickmersstraße 90 - 27568 Bremerhaven,
SWE Energie GmbH,,,,,bna,,,Magdeburger Allee 34 - 99086 Erfurt,
"switch Energievertriebsgesellschaft m.b.H.,
Zweigniederlassung Essen",,,,,bna,,,Huttropstraße 60 - 45138 Essen,
SWK Energie GmbH,,,,,bna,,,St. Töniser Str. 124 - 47804 Krefeld,
SWM Versorgungs GmbH,,,,,bna,,,Emmy-Noether Straße 2 - 80992 München,
SWN Stadtwerke Neustadt GmbH,,,,,bna,,,Dieselstraße 5 - 96465 Neustadt/Coburg,
SWR Energie . Service . Bau GmbH,,,,,bna,,,Steinweg 25 - 91541 Rothenburg o.d.T.,
SWS Energie GmbH,,,,,bna,,,Frankendamm 7 - 18439 Stalsund,
SWT Regionale Energie GmbH,,,,,bna,,,Ostallee 7-13 - 54290 Trier,
SWV Regional GmbH,,,true,false,true,,,Nordfeldstraße 5 - 33775 Versmold,
SWW Wunsiedel GmbH,,,,,bna,,,Rot-Kreuz-Straße 6 - 95632 Wunsiedel,
Systemstrom GmbH,,,,,bna,,,Trostberger Str. 5 - 84549 Engelsberg,
Team Energie GmbH & Co. KG,,,true,false,false,,,,
Tebbe Mineralölhandel GmbH & Co. KG,,,,,bna,,,Visbeker Damm 1b - 49429 Visbek,
Technische Werke Schussental GmbH & Co KG,true,,true,false,true,Tel. 0751 / 804-4980,www.tws.de,Schussenstraße 22 - 88212 Ravensburg,
TelDaFax ENERGY GmbH,,,,,bna,,,Mottmannstraße 2 - 53824 Troisdorf,
TeleSon Energie GmbH,,,,,bna,,,Paul-Gerhardt-Allee 48 - 81245 München,
Terram Energie GmbH,,,,,bna,,,Herderstraße 9 - 40237 Düsseldorf,
Teutoburger Energie Netzwerk eG,,,,true,true,,,Höhenweg 14 - 49170 Hagen a. T. W.,
Thomas Fiedler,,,,,bna,,,Kiefernweg 6 - 6917 Jessen,
Thomas Knieling,,,,,bna,,,Seilerweg 17 - 34281 Gudensberg,
Thüga Energie GmbH,,,,,bna,,,Nymphenburger Straße 39 - 80335 München,
Total Energie Gas GmbH,,,true,false,true,,,Höhenstraße 17 - 70736 Fellbach,
TÜRK ELEKTRIK KURUMU AG,,,,,bna,,,Trachenbergring 93 - 12249 Berlin,
Türk Energy Europe Sales GmbH,,,,,bna,,,Trachenbergring 85 - 12249 Berlin,
TürkiyemElektrik GmbH,,,,,bna,,,Naurother Straße 3 - 57520 Rosenheim,
TWH - Technische Werke Herbrechtingen GmbH,,,,,bna,,,Bauhofstraße 8 - 89542 Herbrechtingen,
TWL Energie Deutschland GmbH,,,,,bna,,,Industriestraße 3 - 67063 Ludwigshafen,
Überlandwerk Leinetal GmbH,,,,true,false,,,,
ubitricity Gesellschaft für verteilte Energiesysteme mbH,,,,,bna,,,EUREF-Campus 7-8 - 10829 Berlin,
UNIEN GmbH,,,,,bna,,,Lilienthalstraße 2 - 86415 Mehring,
Unser E GmbH,,,,,bna,,,Paul-Jerchel-Straße 2 - 14641 Nauen,
URBANA EnergieEinkauf GmbH,,,,,bna,,,Heidenkampsweg 40 - 20097 Hamburg,
"Urbania Gesellschaft für Energievetrieb
und -handel mbH",,,,,bna,,,Breitwieser Weg 5 - 69469 Weinheim,
Vattenfall Europe New Energy Services GmbH,,,,,bna,,,Kapstadtring 10 - 22297 Hamburg,
Vattenfall Europe Sales GmbH,,,,,bna,,,Überseering 12 - 22297 Hamburg,
Vattenfall Europe Wärme AG,,,,,bna,,,Puschkinallee 52 - 12435 Berlin,
Vattenfall Real Estate Energy Sales GmbH,,,,,bna,,,Chausseestraße 23 - 10115 Berlin,
VBV Wind GmbH,,,,,bna,,,Theodor-Heuss-Straße 51 - 61118 Bad Vilbel,
Verbandsgemeindewerk Dannstadt-Schauernheim,,true,false,false,false,06231 4010,www.vg-werk-dannstadt-schauernheim.de,,regional
Verbandsgemeindewerke Dudenhofen,,true,false,false,false,06232 6560,www.vgrd.de/vg_rd/Werke/Naturstrom/,,regional
Verbandsgemeindewerke Eisenberg/Ramsen,,true,false,false,false,06351 407100,www.vgwerke-eisenberg.de,,regional
Verbandsgemeindewerke Enkenbach-Alsenborn,,true,false,false,false,06303 913124,www.enkenbach-alsenborn.de,,regional
Verbandsgemeindewerke Hettenleidelheim,,true,false,false,false,0621 585-2010,www.vg-h.de/node/22,,regional
Verbandsgemeindewerke Hochspeyer,,true,false,false,false,06305 710,www.vgw-hochspeyer.de,,regional
Verbands- und Gemeindewerke Rülzheim,,true,false,false,false,07272 70021011,www.gemeindewerke-ruelzheim.de/energie/naturstrom_ru.html,,regional
Vereinigte Gas- und Wasserversorgung GmbH,,,,,bna,,,Ringstraße 144 - 33378 Rheda-Wiedenbrück,
Vereinigte Stadtwerke GmbH,,,,,bna,,,Schweriner Straße 90 - 23909 Ratzeburg,
Vereinigte Wertach-Elektrizitätswerke GmbH,,,,,bna,,,Neugablonzer Straße 21 - 87600 Kaufbeuren,
Versorgungs- Betriebe Elbe GmbH,,,,,bna,,,Hamburger Str. 9- 11 - 21481 Lauenburg/ Elbe,
Versorgungsbetriebe Hann. Münden GmbH,,,,true,false,,,,
Vester GmbH,,,,,bna,,,Am Haslenbach 11 - 73278 Schlierbach,
Vestische Energie GmbH,,,,,bna,,,Große Geldstraße 18 - 45657 Recklinghausen,
vivi-power GmbH,,,,,bna,,,Industriestraße 2 - 68519 Viernheim,
Volkswagen Group Charging GmbH,,,,,bna,,,"Berliner Ring 2
(Brieffach 011/19331) - 38440 Wolfsburg",
Vonovia Energie Service GmbH,,,,,bna,,,Philippstraße 3 - 44803 Bochum,
voxenergie GmbH,,,,,bna,,,Zimmerstraße 78 - 10117 Berlin,
w3energie GmbH,,,,,bna,,,Am Handwerkerpark 5 - 45309 Essen,
Wadersloh Energie GmbH,true,,false,false,false,Tel. 02523 / 950-1888,www.wadersloh-energie.de,,
"Walter Fritz Deutsche Gesellschaft für
Energieversorgung mbH",,,,,bna,,,Windischenstraße 23 - 99423 Weimar,
Wärmeversorgung Würselen GmbH,,,,,bna,,,Morlaixplatz 1 - 52146 Würselen,
Watt Deutschland GmbH,,,,,bna,,,Lyoner Straße 44-48 - 60528 Frankfurt am Main,
WattsEnergy GmbH,,,,,bna,,,Königsallee 2B - 40212 Düsseldorf,
wbm Wirtschaftsbetriebe Meerbusch GmbH,,,,,bna,,,Hochstraße 1 - 40670 Meerbusch,
WEB Windenergie Deutschland GmbH,,,,,bna,,,Sachsentor 29 - 21029 Hamburg,
Weihermann Mineralölhandel GmbH,,,,,bna,,,Nottulner Landweg 76-78 - 48161 Münster,
Weiler Wärme eG,,,,,bna,,,Im Lehnle 15 - 72285 Pfalzgrafenweiler,
Weiß Energie GmbH,,,,,bna,,,Herrenkellergasse 6 - 89073 Ulm,
WEMAG AG,,true,false,false,false,wemio-Ökoaktivstrom: 0385 7552755  WEMAG-Ökoaktivstrom: 0385 7551771  WEMAG Premium-Ökoaktivstrom: 0385 7551771,wemio-Ökoaktivstrom: www.wemag.com/privatkunden/strom/wemio_strom/  WEMAG (Premium-)Ökoaktivstrom: www.wemag.com/geschaeftskunden/strom/klimakollekte,,bundesweit
"WEP Wärme-, Energie- und Prozesstechnik GmbH",,,,,bna,,,Sophiastraße 2 - 41836 Hückelhoven,
Werraenergie GmbH,,,,,bna,,,August- Bebel-Straße 36-38 - 36433 Bad Salzungen,
Werra-Strom GmbH,,,,,bna,,,Hinter dem Deich 9 - 37213 Witzenhausen,
WES energy GmbH,,,,,bna,,,Österstraße 15 - 25693 Michaelisdonn,
Westfalen AG,,,,,bna,,,Industrieweg 43 - 48155 Münster,
WestfalenWIND Strom GmbH,,,,,bna,,,Leihbühl 21 - 33165 Lichtenau,
Westfalica GmbH,,,true,false,true,,,Steinstraße 9 - 32547 Oeynhausen,
Westhof Energie GmbH & Co. KG,,,,,bna,,,Zum Westhof 6 - 25764 Friedrichsgabekoog,
WEVG Salzgitter GmbH & Co. KG,,,,true,false,,,,
WEV Warendorfer Energieversorgung GmbH,,,true,false,false,,,,
WEV Westdeutsche Energieversorgung GmbH,,,,,bna,,,Massenbergstraße 11 - 44787 Bochum,
Windgemeinschaft Eilvese GbR,,,,,bna,,,Eilveser Hauptstraße 56 - 31535 Neustadt,
Windkraftmining GmbH,,,,,bna,,,Südportal 1 - 22848 Norderstedt,
Windpark Johannsen OHG,,,,,bna,,,Nordhackstedter Straße 6 - 24980 Hörup,
Windspiel GbR,,,,,bna,,,An der Palsche 4 - 16321 Bernau,
Wirtschaftsbetriebe der Stadt Norden GmbH,,,,,bna,,,Feldstraße 10 - 26506 Norden,
Wirtschaftsbetriebe der Stadt Norden GmbH - Stadtwerke Norden,,,,true,false,,,,
Wirtschaftsbetriebe der Stadt NSHB Borkum GmbH,,,,true,false,,,,
"Wohnpark Stufenlos Energieerzeugungs- u. Vertriebs
GmbH & Co. KG",,,,,bna,,,Markt 1 - 38170 Schöppenstedt,
WSE Energiedienstleistungen GmbH,,,,,bna,,,Hohe Straße 4 - 6 - 61231 BadNauheim,
WSW Energie & Wasser AG,,,,,bna,,,Bromberger Straße 39-41 - 42281 Wuppertal,
Wumm GmbH,,,,,bna,,,Allendestraße 68 - 98574 Schmalkalden,
Wunderwerk AG,,,,,bna,,,Burgunderstraße 29 - 40549 Düsseldorf,
XL Energie GmbH,,,,,bna,,,An der Halle 400 Nr. 1 - 24143 Kiel,
Yeti Energie AG,,,,,bna,,,Schwedenstraße 27 - 90768 Fürth,
Zander Brennstoffe & Service KG,,,,,bna,,,Am Bahnhof 3  OT Brügge - 16945 Halenbeck-Rohlsdorf,
Zehrer & Petersen GmbH & Co. KG,,,,,bna,,,Harburger Schloßstr. 45 - 21079 Hamburg,
Zentrale Pfarreivermögensverwaltung AdöR,,,,,bna,,,Paulusplatz 1 - 64285 Darmstadt,
ZVO Energie GmbH,,,,,bna,,,Wagrienring 3-13 - 23723 Sierksdorf,
