Firmenname,Grüner Strom,OK Power,Stromauskunft,Verivox,Ökotest,EcoTopTen,Utopia,Stromauskunft echter Oekostrom,Telefon,Website,Verfügbarkeit,Firmenanschrift,PLZ,Firmenort
123energie - eine Marke der Pfalzwerke AG,,True,True,True,True,True,,,0621 570573123,www.123energie.de,,Kurfürstenstraße 29,67061,Ludwigshafen
17er Oberlandenergie GmbH,,,True,True,,,,,,,,Viehmarktplatz 1,82418,Murnau am Staffelsee
24/7 Energie und Kommunikation GmbH,,,True,True,,,,,,,,Meeboldstraße 1,89522,Heidenheim
4hundred GmbH,,,,True,,,,,,,,,,
Abens-Donau Energie GmbH,,,,True,,,,,,,,,,
Abita Energie Otterberg GmbH,,,True,True,,,,,,,,Bismarckstrasse 14,67655,Kaiserslautern
Agger Energie GmbH,True,,True,True,,,,,02261 30030,www.aggerenergie.de,regional,Alexander-Fleming-Str. 2,51643,Gummersbach
Ahrtal-Werke GmbH,,,True,True,,,,,,,,Hauptstraße 116,53474,Bad Neuenahr-Ahrweiler
Albstadtwerke GmbH,,,True,True,,,,,,,,Goethestraße 91,72461,Albstadt
Albwerk GmbH & Co. KG,,True,True,True,,,,,07331 209600,www.albwerk.de,,Eybstr. 98-100,73312,Geislingen an der Steige
Allgäuer Kraftwerke GmbH,,,True,True,,,,,,,,Am Alten Bahnhof 10,87527,Sonthofen
Allgäuer Überlandwerk GmbH,,,True,True,,,,,,,,Illerstraße 18,87435,Kempten
Ammer-Loisach Energie GmbH,,,True,True,,,,,,,,Schnitzlergasse 5,82487,Oberammergau
Aschaffenburger Versorgungs-GmbH,,,True,True,,,,,,,,Werkstraße 2,63739,Aschaffenburg
ASEW Energie und Umwelt Service GmbH & Co. KG,,True,,,,,,,0221 93181918,www.asew.de,,Eupener Str. 74,50933,Köln
Audax Energie GmbH,,,,True,,,,,,,,,,
AVIA AG,,True,,,,,,,089 4550450,www.avia.de,,Grillparzerstr. 8,81675,München
AVU Aktiengesellschaft für Versorgungs-Unternehmen,,True,True,True,,,,,02332 73605,www.avu.de,,An der Drehbank 18,58285,Gevelsberg
badenova AG & Co. KG,,True,True,True,,,,,08002 83 84 85,www.badenova.de,,Tullastraße 61,79108,Freiburg
Bad Honnef AG,,,,True,,,,,,,,,,
Bad Lauterberg Energie GmbH,,,True,True,,,,,,,,Bahnhofstraße 17-19,37431,Bad Lauterberg im Harz
Bauer Elektrounternehmen GmbH & Co.KG,,,,True,,,,,,,,,,
Bayernwerk Regio Energie GmbH,,,,True,,,,,,,,,,
BayWa Ökoenergie GmbH,,True,True,True,True,True,True,True,0800 7241640,www.baywa-oekoenergie.de,,Arabellastraße 4,81925,München
"BELKAW Bergische Licht-, Kraft- und Wasserwerke GmbH",,,True,True,,,,,,,,Hermann-Löns-Str. 131-133,51469,Bergisch-Gladbach
Benergie-Service GmbH,,,,True,,,,,,,,,,
BERGMANN - Elektrizität & Gas - eine Marke der LSW Energie GmbH & Co. KG,,,,True,,,,,,,,,,
Berliner Stadtwerke GmbH,,,,True,,,,,,,,,,
BeSte Stadtwerke GmbH,,,True,True,,,,,,,,Im Altenhagen 1,32839,Steinheim
BEW Bergische Energie- und Wasser-GmbH,,,True,True,,,,,,,,Sonnenweg 30,51688,Wipperfürth
BIGGE ENERGIE GmbH & Co. KG,,,True,True,,,,,,,,In der Stesse 14,57439,Attendorn
Blomberger Versorgungsbetriebe GmbH,,True,True,True,,,,,05235 95023051,www.bvb-blomberg.de,,Nederlandstraße 15,32825,Blomberg
Bocholter Energie- und Wasserversorgung GmbH,,,True,True,,,,,,,,Kaiser-Wilhelm-Straße 1,46395,Bocholt
Bodensee Energie - eine Marke der Stadtwerk am See GmbH & Co. KG,,,,True,,,,,,,,,,
Bonus Strom GmbH,,,,True,,,,,,,,,,
Braunschweiger Versorgungs-AG & Co. KG,,,True,True,,,,,,,,Taubenstraße 7,38106,Braunschweig
Bremer SolidarStrom,,,,,True,,True,True,,,,,,
BS ENERGY Braunschweiger Versorgungs-AG & Co. KG,True,,,,True,True,,True,0531 3830,www.bs-energy.de,bundesweit,,,
Burgenland Energie GmbH,,,,True,,,,,,,,,,
Bürger Energie Genossenschaft Freisinger Land e.G.,,,,True,,,,,,,,,,
BürgerEnergie Solingen eG,,,,True,,,,,,,,,,
Bürgerinitiative Umweltschutz e.V.,,,,,True,True,,True,,,,,,
Bürgerwerke eG,True,,,True,True,True,True,True,06221 3928920,https://buergerwerke.de,bundesweit,,,
C. Ensinger GmbH & Co.KG,,,,True,,,,,,,,,,
CB Energie GmbH,,,,True,,,,,,,,,,
Citiwerke - eine Marke der Thüga Energie GmbH,,,,True,,,,,,,,,,
ComMetering GmbH,,True,,,,,,, ,www.commetering.de,,Rathausstraße 4,88457,Kirchdorf
Cramer Mühle KG,,,,True,,,,,,,,,,
DB Energie GmbH,,True,,,True,True,,,069 26523715,www.dbenergie.de,,Pfarrer-Perabo-Platz 2,60326,Frankfurt
Dessauer Stromversorgung GmbH,,,True,True,,,,,,,,Albrechtstraße 48,06844,Dessau
die energievorsorger GmbH,,,True,True,,,,,,,,Höhenweg 14,49170,Hagen a.T.W.
Die Heidelberger Solidarstromer,,,,,True,,,True,,,,,,
Die Schriesheimer Ökostromer,,,,,True,,,True,,,,,,
Donau-Stadtwerke Dillingen-Lauingen,,,,True,,,,,,,,,,
Dortmunder Energie- und Wasserversorgung GmbH,,,,True,,,,,,,,,,
Dreipunkt Energie - eine Marke der AVU Aktiengesellschaft für Versorgungs-Unternehmen,,,,True,,,,,,,,,,
Dreischtrom GmbH,,,,True,,,,,,,,,,
DREWAG - Stadtwerke Dresden GmbH,,,True,True,,,,,,,,Friedrich-List-Platz 2,01069,Dresden
E.ON Energie Deutschland GmbH,,,True,True,,,,,,,,Arnulfstraße 203,80634,München
E.VITA GmbH,,,,True,,,,,,,,,,
e.wa riss GmbH & Co KG,,,True,True,,,,,,,,Freiburger Straße 6,88400,Biberach
EAM Energie GmbH,,,True,True,,,,,,,,Monteverdistraße 2,34131,Kassel
EBERwerk GmbH & Co. KG,,,,True,,,,,,,,,,
EBLD Schweiz Strom GmbH,,,,True,,,,,,,,,,
EDIE Strom - eine Marke der MAINGAU Energie GmbH,,,,True,,,,,,,,,,
EGF EnergieGesellschaft Frankenberg mbH,,,,True,,,,,,,,,,
EGT Energievertrieb GmbH,,True,True,True,,,,,,www.egt.de,,Schonacher Str. 2,78098,Triberg
EHINGER ENERGIE Stromvertrieb GmbH & Co. KG,,,,True,,,,,,,,,,
Eichenmüller GmbH & Co. KG,,,,True,,,,,,,,,,
Eichsfelder Energie- und Wasserversorgungsgesellschaft mbH,,,True,True,,,,,,,,Am Euzenberg 32,37115,Duderstadt
Einhorn Energie GmbH & Co. KG,,,,True,,,,,,,,,,
eins energie in sachsen GmbH & Co. KG,,,True,True,,,,,,,,Augustusburger Straße 1,09111,Chemnitz
Eisenacher Versorgungs-Betriebe GmbH,,,,True,,,,,,,,,,
Elektra-Genossenschaft Effeltrich eG,,,True,True,,,,,,,,Hauptstr. 1,91090,Effeltrich
Elektra-Genossenschaft Pinzberg eG,,,,True,,,,,,,,,,
Elektrizitäts-Genossenschaft Dirmstein eG,True,True,,True,,,,,06233 6020,www.egdirmstein.de,regional,Wormser Straße 111,67227,Frankenthal (Pfalz)
Elektrizitätsgenossenschaft Engelsberg e.G.,,,True,True,,,,,,,,Osnabrücker Straße 31a,49219,Glandorf
Elektrizitätsgenossenschaft Hasbergen eG,,,,True,,,,,,,,,,
Elektrizitätsgenossenschaft Karlstein eG,,,True,True,,,,,,,,Weitwiesenring 6,83435,Bad Reichenhall
Elektrizitätsgenossenschaft Nordhalben und Umgebung eG,,,,True,,,,,,,,,,
Elektrizitätsgenossenschaft Oesterweg eG,,,,True,,,,,,,,,,
Elektrizitätsgenossenschaft Ohlstadt eG,,,True,True,,,,,,,,Schwaigweg 7,82441,Ohlstadt
Elektrizitätsgenossenschaft Rettenberg eG,,,True,True,,,,,,,,Burgberger Str. 24,87549,Rettenberg
Elektrizitäts-Genossenschaft Röthenbach eG,,,,True,,,,,,,,,,
Elektrizitäts-Genossenschaft Schlachters eG,,,,True,,,,,,,,,,
Elektrizitäts-Genossenschaft Schonstett eG,,,,True,,,,,,,,,,
Elektrizitäts-Genossenschaft Tacherting-Feichten e.G.,,,True,True,,,,,,,,Stefan-Flötzl-Str. 4,83342,Tacherting
Elektrizitätsgenossenschaft Unterneukirchen eG,,,,True,,,,,,,,,,
Elektrizitäts-Genossenschaft Vogling & Angrenzer eG,,,True,True,,,,,,,,Höpfling 2,83313,Siegsdorf
Elektrizitäts-Genossenschaft Wolkersdorf und Umgebung eG,,,True,True,,,,,,,,Schmidhamer Str. 26,83278,Traunstein-Wolkersdorf
Elektrizitätsgesellschaft Levern eG,,,,True,,,,,,,,,,
Elektrizitäts- und Wasserversorgungsgenossenschaft Vagen eG,,,True,True,,,,,,,,Lindenstraße 14,83620,Feldkirchen-Westerham
Elektrizitätsvereinigung Böbing eG,,,True,True,,,,,,,,Riedelweg 2,82389,Böbing
Elektrizitätsversorgung (EVU) der Gemeinde Gochsheim,,,True,True,,,,,,,,Am Plan 4-6,97469,Gochsheim
Elektrizitäts-VersorgungGenossenschaft Perlesreut eG,,,,True,,,,,,,,,,
Elektrizitätsversorgung Rheinzabern,True,,,,,,,,07272 750820,www.evu-rheinzabern.de,regional,,,
Elektrizitätsversorgungsunternehmen Bruchmühlbach-Miesau,True,,,,,,,,06372 922000,www.bruchmuehlbach-miesau.de,regional,,,
Elektrizitätsversorgung Waldsee,True,,,,,,,,,www.vg-rheinauen.de,regional,,,
Elektrizitätsversorgung Wattenheim,True,,,,,,,,030 27 572400,www.vg-h.de,regional,,,
Elektrizitätsversorgung Weilerbach,True,,,,,,,,06374 9220,www.evu-weilerbach.de,regional,,,
Elektrizitätswerk Aach GmbH,,,,True,,,,,,,,,,
Elektrizitätswerk des Kantons Schaffhausen AG,,,True,True,,,,,,,,Rheinstr. 37,CH-8200 ,Schaffhausen
Elektrizitätswerk Diessen Stadler GmbH,,,,True,,,,,,,,,,
Elektrizitätswerke Reutte GmbH & Co KG,,,True,True,,,,,,,,Lechhalde 1 1/2,87629,Füssen
Elektrizitätswerk Gemeinde Glattbach,,,True,True,,,,,,,,Im Wiesengrund 3,63864,Glattbach
Elektrizitätswerk Georg Grandl e.K.,,,,True,,,,,,,,,,
Elektrizitätswerk Goldbach-Hösbach GmbH & Co. KG,,,,True,,,,,,,,,,
Elektrizitätswerk Haimmerer,,,,True,,,,,,,,,,
Elektrizitätswerk Hammermühle Versorgungsgesellschaft mbH,,,True,True,,,,,,,,Im Geisenborn 4,56242,Selters
Elektrizitätswerk Hauenstein,,,,True,,,,,,,,,,
Elektrizitätswerk Heinrich Schirmer,,,,True,,,,,,,,,,
Elektrizitätswerk Hindelang eG,,,True,True,,,,,,,,Weidachstrasse 9,87541,Bad Hindelang
Elektrizitätswerk Karl Stengle GmbH & Co KG,,,True,True,,,,,,,,Niedere-Au-Straße 11,72108,Rottenburg a. N.
Elektrizitätswerk Landsberg GmbH,,,,True,,,,,,,,,,
Elektrizitätswerk Leitlein GmbH & Co. KG,,,,True,,,,,,,,,,
Elektrizitäts-Werk Mainbernheim GmbH,,,True,True,,,,,,,,Am Wehrbach 1,97350,Mainbernheim
Elektrizitätswerk Markt Obernzell,,,,True,,,,,,,,,,
Elektrizitätswerk Max Peißker,,,,True,,,,,,,,,,
Elektrizitätswerk Mittelbaden AG & Co. KG,True,,,True,,,,,07821 2800,www.e-werk-mittelbaden.de,regional,,,
Elektrizitätswerk Müller Tauberrettersheim,,,,True,,,,,,,,,,
Elektrizitätswerk Oberwössen eG,,,True,True,,,,,,,,Dorfstraße 28,83246,Oberwössen
Elektrizitätswerk Ottenhöfen Moser GmbH & Co. KG,,,,True,,,,,,,,,,
Elektrizitäts-Werk Ottersberg,,,True,True,,,,,,,,Grüne Straße 24,28870,Ottersberg
Elektrizitätswerk Rieger GmbH & Co. KG,,,True,True,,,,,,,,Friedrichstrasse 16,72805,Lichtenstein
Elektrizitätswerk Rohmund GmbH,,,,True,,,,,,,,,,
Elektrizitätswerk Rosenmühle e.K.,,,,True,,,,,,,,,,
Elektrizitätswerk Schweiger GmbH,,,,True,,,,,,,,,,
Elektrizitätswerk Tegernsee Vertriebs- und Service-KG,,,True,True,,,,,,,,Hochfeldstraße 3,83684,Tegernsee
Elektrizitätswerk Wanfried von Scharfenberg KG,,,True,True,,,,,,,,Unter der Tränke 1,37281,Wanfried
Elektrizitätswerk Weißenhorn AG,,,,True,,,,,,,,,,
Elektrizitätswerk Wennenmühle Schörger KG,,,,True,,,,,,,,,,
Elektro-Trück GmbH,,,,True,,,,,,,,,,
Elogico - eine Marke der ENSTROGA AG,,,,True,,,,,,,,,,
EMB Energie Mark Brandenburg GmbH,,,True,True,,,,,,,,Großbeerenstraße 181 - 18,14482,Potsdam
EMB - Energieversorgung Miltenberg-Bürgstadt GmbH & Co. KG,,,True,True,,,,,,,,Luitpoldstraße 17,63897,Miltenberg
Emil Energie GmbH,,,,True,,,,,,,,,,
EMMA Energie - eine Marke von TWL Energie Deutschland GmbH,,,,True,,,,,,,,,,
Emscher Lippe Energie GmbH,,,True,True,,,,,,,,Ebertstr.30,45879,Gelsenkirchen
EnBW Energie Baden-Württemberg AG,,,True,True,,,,,,,,Durlacher Allee 93,76131,Karlsruhe
EnBW Ostwürttemberg DonauRies Aktiengesellschaft ODR,,,True,True,,,,,,,,Unterer Brühl 2,73479,Ellwangen
enercity - Stadtwerke Hannover AG,True,,True,True,,,,,0511 4300,www.enercity.de/,regional,Ihmeplatz 2,30449,Hannover
eneREGIO GmbH,,,,True,,,,,,,,,,
Energie Aktiengesellschaft Iserlohn,,True,,True,,,,, ,www.energie-ag.de/,,Stefanstr. 4-8,58636,Iserlohn
Energie Calw GmbH,,,,True,,,,,,,,,,
Energiedienst AG,,,True,True,,,,,,,,Schönenbergerstr. 10,79618,Rheinfelden
Energiedienst Holding AG,True,,True,True,,,,,07623 921200,www.naturenergie.de,regional,Schönenbergerstr. 10,79618,Rheinfelden
Energiegenossenschaft für Wittmund eG,,,True,True,,,,,,,,Aseler-Str. 10,26409,Wittmund
Energiegenossenschaft Odenwald eG,,True,,,,,,, ,www.eg-odenwald.de,,Helmholtzstraße 1,64711,Erbach
Energie-Gesellschaft Unterkirnach mbH,,,True,True,,,,,,,,Hauptstraße 5,78089,Unterkirnach
energieGUT GmbH,,True,True,True,True,True,,, ,www.energieGUT.de,,Bungertstr. 27,47053,Duisburg
energiehoch3 GmbH,,,True,True,,,,,,,,Ostring 28,44787,Bochum
Energie Nordeifel GmbH & Co. KG,,,,True,,,,,,,,,,
Energie Rellingen - eine Marke der Stadtwerke Elmshorn,,,True,True,,,,,,,,Westerstr. 50 - 54,25336,Elmshorn
Energie Rhein-Sieg GmbH,,,True,True,,,,,,,,Südstraße 27,53757,Sankt Augustin
Energie SaarLorLux AG,,,,True,,,,,,,,,,
Energie Sachsenheim GmbH & Co. KG,,,,True,,,,,,,,,,
Energie Südbayern GmbH,,,True,True,,,,,,,,Ungsteiner Straße 31,81539,München
EnergieSüdwest Aktiengesellschaft,,,True,True,,,,,,,,Industriestr. 18,76829,Landau
Energie und Versorgung Butzbach GmbH,,,True,True,,,,,,,,Himmrichsweg 2,35510,Butzbach
Energie und Wasser Potsdam GmbH,,,True,True,,,,,,,,Steinstr. 101,14480,Potsdam
Energie und Wasserversorgung Aktiengesellschaft Kamenz,,,,True,,,,,,,,,,
Energie- und Wasserversorgung Altenburg GmbH,,,True,True,,,,,,,,Franz-Mehring-Straße 6,04600,Altenburg
Energie- und Wasserversorgung Bitz GmbH,,,True,True,,,,,,,,Goethestraße 91,72461,Albstadt
Energie- und Wasserversorgung Bonn/Rhein-Sieg GmbH (SWB Energie und Wasser),True,,,,,,,,0228 7111,www.stadtwerke-bonn.de,regional,,,
Energie- und Wasserversorgung Bruchsal GmbH,,True,True,True,,,,,07251 706444,www.bvb-blomberg.de,,Schnabel-Henning-Str. 1a,76646,Bruchsal
Energie- und Wasserversorgung Bünde GmbH,,,True,True,,,,,,,,Osnabrücker Str. 205,32257,Bünde
Energie- und Wasserversorgung Kirchzarten GmbH,,,True,True,,,,,,,,Hauptstrasse 24,79199,Kirchzarten
Energie- und Wasserversorgung Rheine GmbH,,True,True,True,,,,,05971 45193,www.stadtwerke-rheine.de,,Hafenbahn 10,48431,Rheine
Energie und Wasser Wahlstedt/Bad Segeberg GmbH & Co KG,,,True,True,,,,,,,,Am Wasserwerk 5,23795,Bad Segeberg
Energie und Wasser Waldbröl GmbH,,,,True,,,,,,,,,,
Energie- und Wasserwerke Bautzen GmbH,,,True,True,,,,,,,,Schäfferstraße 44,02625,Bautzen
Energieversorgung Alzenau GmbH,,,,True,,,,,,,,,,
Energieversorgung Apolda GmbH,,,,True,,,,,,,,,,
Energieversorgung Bad Bentheim GmbH & Co. KG,,,True,True,,,,,,,,Schloßstraße 2a,48455,Bad Bentheim
Energieversorgung Bad Boll GmbH,,True,True,True,,,,,07164 80825,www.energie-bollwerk.de,,Hauptstr. 94,73087,Bad Boll
Energieversorgung Beckum GmbH & Co. KG,,,,True,,,,,,,,,,
Energieversorgung Buching-Trauchgau GmbH,,,True,True,,,,,,,,Lechbrucker Str. 4,87642,Halblech
Energieversorgung Dahlenburg-Bleckede AG,,,True,True,,,,,,,,Lüneburger Straße 21,21368,Dahlenburg
Energieversorgung Filstal GmbH & Co. KG,,,True,True,,,,,,,,Großeislinger Str. 30,73033,Göppingen
Energieversorgung Gaildorf OHG,,,True,True,,,,,,,,Burg 2,74405,Gaildorf - Unterrot
Energieversorgung Gemünden GmbH,,,,True,,,,,,,,,,
Energieversorgung Gera GmbH,,,True,True,,,,,,,,De-Smit-Straße 18,07545,Gera
Energieversorgung Greiz GmbH,,,True,True,,,,,,,,Mollbergstraße 20,07973,Greiz
Energieversorgung Guben GmbH,,,,True,,,,,,,,,,
Energieversorgung Inselsberg GmbH,,,,True,,,,,,,,,,
Energieversorgung Klettgau-Rheintal GmbH & Co. KG,,,,True,,,,,,,,,,
Energieversorgung Kranenburg GmbH,,,,True,,,,,,,,,,
Energieversorgung Lenningen GmbH,,,True,True,,,,,,,,Eybstraße 98 - 102,73252,Lenningen
Energieversorgung Leverkusen GmbH & Co. KG,,,True,True,,,,,,,,Overfeldweg 23,51371,Leverkusen
Energieversorgung Limburg GmbH,,,True,True,,,,,,,,Ste.-Foy-Straße 36,65549,Limburg an der Lahn
Energieversorgung Lohr-Karlstadt und Umgebung GmbH,,,True,True,,,,,,,,Zum Helfenstein 4 - 6,97753,Karlstadt
Energieversorgung Mainhardt Wüstenrot GmbH & Co. KG,,,True,True,,,,,,,,Hauptstraße 1,74535,Mainhardt
Energieversorgung Main-Spessart GmbH,,,True,True,,,,,,,,Boschweg 9,63741,Aschaffenburg
Energieversorgung Marienberg GmbH,,,,True,,,,,,,,,,
Energieversorgung Michelfeld GmbH,,,,True,,,,,,,,,,
Energieversorgung Mittelrhein AG,,,True,True,,,,,,,,Ludwig-Erhard-Str. 8,56073,Koblenz
Energieversorgung Münchberg-Schwarzenbach/Saale GmbH & Co.KG,,,True,True,,,,,,,,Mühlgasse 5,95213,Münchberg
Energieversorgung Nordhausen GmbH,,,True,True,,,,,,,,Straße der Genossenschaften 93,99734,Nordhausen
Energieversorgung Oberes Wiesental GmbH,,,True,True,,,,,,,,Meinrad-Thoma-Straße 8a,79674,Todtnau
Energieversorgung Oberes Wiesental GmbH Todtnau,True,,,,,,,,07671 999960,www.eow-todtnau.de,regional,,,
Energieversorgung Oberhausen AG,,,True,True,,,,,,,,Danziger Straße 31,46045,Oberhausen
Energieversorgung Oberstdorf GmbH,,,True,True,,,,,,,,Nebelhornstraße 51-53,87561,Oberstdorf
Energieversorgung Offenbach AG,,,True,True,,,,,,,,Andréstraße 71,63067,Offenbach
Energieversorgung Oy-Kressen e.G.,,,True,True,,,,,,,,Sonnenmulde 1,87466,Oy-Mittelberg
Energieversorgung Pirna GmbH,,,,True,,,,,,,,,,
Energieversorgung Rodau GmbH,,,,True,,,,,,,,,,
Energieversorgung Rudolstadt GmbH,,,True,True,,,,,,,,Oststraße 18,07407,Rudolstadt
Energieversorgung Rupert Heider & Co. KG,,,,True,,,,,,,,,,
Energieversorgung Rüsselsheim GmbH,,True,True,True,,,,,06142 500222,www.stadtwerke-ruesselsheim.de,,Walter-Flex-Straße 74,65428,Rüsselsheim
Energieversorgung Schmid,,,True,True,,,,,,,,Mühlenstraße 44,83417,Kirchanschöring
Energieversorgung Sehnde GmbH,,,True,True,,,,,,,,Nordstraße 19,31319,Sehnde
Energieversorgung Selb-Marktredwitz GmbH,,,,True,,,,,,,,,,
Energieversorgung Südbaar GmbH & Co.KG,,,True,True,,,,,,,,Leo-Wohleb-Str. 3,78176,Blumberg
Energieversorgung Sylt GmbH,,,True,True,,,,,,,,Friesische Str. 53,25980,Westerland
Energieversorgung Titisee-Neustadt GmbH,,,True,True,,,,,,,,Gutachstr. 13,79822,Titisee-Neustadt
Energieversorgung Trossingen GmbH,,,True,True,,,,,,,,Bahnhofstraße 9,78647,Trossingen
Energieversorung Trossingen GmbH,True,,,,,,,,07425 94020,www.swtro.de,regional,,,
energieversprechen.de - eine Marke der Stadtwerke Troisdorf,,,True,True,,,,,,,,Poststr. 105,53840,Troisdorf
Energie von nebenan - eine Marke der Stadtwerke Herne AG,,,,True,,,,,,,,,,
Energie Vorpommern GmbH,,,True,True,,,,,,,,Wiesenweg 6,17449,Trassenheide
Energie Waldeck-Frankenberg GmbH,,,True,True,,,,,,,,Arolser Landstr. 27,34497,Korbach
Energiewerke Isernhagen GmbH,,,True,True,,,,,,,,Bothfelder Straße 31,30916,Isernhagen
Energiewerke Waldbröl GmbH,,True,,,,,,,02291 90880,www.ew-waldbroel.de,,Nümbrechter Straße 6,51545,Waldbröl
Energiewerke Zeulenroda GmbH,,,True,True,,,,,,,,Lohweg 8,07937,Zeulenroda
Energiewerk Meckenheim,,,True,True,,,,,,,,Hauptstr. 58,67149,Meckenheim
Energiewerk Ortenau Energiegesellschaft GmbH & Co. KG,,,,True,,,,,,,,,,
energis GmbH,,,,True,,,,,,,,,,
energy4u GmbH & Co. KG,,True,,True,True,True,,,0800 7878708,www.energy4u.de,,Bachstraße 3,53721,Siegburg
Energy Air GmbH,True,,,,,,,,069690 60539,www.fraport.de,regional,,,
enerSwitch - eine Marke der EWV Energie- und Wasser-Versorgung GmbH Stolberg,,,,True,,,,,,,,,,
enewa GmbH Energie + Wasser Wachtberg,,True,True,True,,,,,0228 3773680,www.enewa.de,,Am Wachtbergring 2a,53343,Wachtberg
ENNI Energie & Umwelt Niederrhein GmbH,,,True,True,,,,,,,,Uerdinger Straße 31,47441,Moers
enno energie GmbH,,,,True,,,,,,,,,,
ENPURE - eine Marke der Vattenfall Real Estate Energy Sales GmbH,,,,True,,,,,,,,,,
enQu GmbH,,,True,True,,,,,,,,Speckenbeker Weg 130,24113,Kiel
ENRW Energieversorgung Rottweil GmbH & Co. KG,,,True,True,,,,,,,,In der Au 5,78628,Rottweil
ENSO Energie Sachsen Ost AG,,,True,True,,,,,,,,Friedrich-List-Platz 2,01069,Dresden
Enspire Energie - Marke der Stadtwerke Konstanz,,,,True,True,True,True,True,,,,,,
ENSTROGA AG,,,,True,,,,,,,,,,
ENTEGA Energie GmbH,,True,True,True,True,True,True,,0800 1111 0555,www.entega.de,,Frankfurter Str. 100,64293,Darmstadt
envia Mitteldeutsche Energie AG,,,True,True,,,,,,,,Chemnitztalstraße 13,09114,Chemnitz
enwag energie- und wassergesellschaft mbH,,,True,True,,,,,,,,Hermannsteiner Straße 1,35576,Wetzlar
enwor - energie & wasser vor ort GmbH,,,True,True,,,,,,,,Kaiserstraße 86,52134,Herzogenrath
eprimo GmbH,,,True,True,,,,,,,,Flughafenstrasse 20,63263,Neu-Isenburg
Erdgas Mittelsachsen GmbH,,,,True,,,,,,,,,,
Erdgas Schwaben GmbH,,,,True,,,,,,,,,,
Erdgas Südwest GmbH,,,,True,,,,,,,,,,
e-regio GmbH & Co. KG,,,True,True,,,,,,,,Rheinbacher Weg 10,53881,Euskirchen
Erenja - eine Marke der Gelsenwasser AG,,,,True,,,,,,,,,,
Erhard Bürk-Kauffmann GmbH,,,True,True,,,,,,,,Neuffenstraße 27-29,78056,Villingen-Schwenningen
Erlanger Stadtwerke AG,,,True,True,,,,,,,,Äußere Bruckstr. 33,91052,Erlangen
ErmstalEnergie Dettingen an der Erms GmbH & CO. KG,,,,True,,,,,,,,,,
ESDG Energie-Service Dienstleistungsgesellschaft mbH,True,True,,,,,,, ,www.esdg.de,bundesweit,,,
ESWE Versorgungs AG,,True,True,True,,,,, ,www.eswe-versorgung.de,,Konradinerallee 25,65189,Wiesbaden
EUROGATE Technical Services GmbH,,,,True,,,,,,,,,,
evd energieversorgung Dormagen GmbH,,,True,True,,,,,,,,Mathias-Giesen-Straße 13,41540,Dormagen
EVE EnergieVersorgung Elbtalaue GmbH,,,,True,,,,,,,,,,
EVH Energieversorgung Halle GmbH,,True,True,True,True,True,,,0800 581 33 33,www.evh.de,,Bornknechtstr. 5,06108,Halle
EVI Energieversorgung Hildesheim GmbH & Co. KG,,,,True,,,,,,,,,,
EVS Energieversorgung Schmalkalden GmbH,,,,True,,,,,,,,,,
EVU Langenpreising,,,,True,,,,,,,,,,
EVU Späth e.K,,,,True,,,,,,,,,,
EW Eichsfeldgas GmbH,,,,True,,,,,,,,,,
E-Werke Haniel Haimhausen OHG,,,True,True,,,,,,,,Dachauer Straße 4 a,85778,Haimhausen
E-Werk Gerolsheim,,,,True,,,,,,,,,,
e-werk Sachsenwald GmbH,,,True,True,,,,,,,,Hermann-Körner-Straße 61,21465,Reinbek
"E-Werk Satrup, Heinrich N. Clausen GmbH & Co.KG",,,True,True,,,,,,,,Mühlenstraße 11,24986,Satrup
EWE VERTRIEB GmbH,,,True,True,,,,,,,,Cloppenburger Str. 310,26133,Oldenburg
EW Geiger GmbH,,,,True,,,,,,,,,,
EWG Elektrizitätsversorgung Werther GmbH,,,True,True,,,,,,,,Alte Bielefelder Straße 28,33824,Werther
E WIE EINFACH GmbH,,,True,True,,,,,,,,Salierring 47-53,50677,Köln
EWR AG,,,,True,,,,,,,,,,
EWR GmbH - Energie und Wasser für Remscheid,,,True,True,,,,,,,,Neuenkamper Straße 81-87,42855,Remscheid
ew-schmid gmbh,,,True,True,,,,,,,,Untere Ringstr. 28,94437,Mamming
EWS Elektrizitätswerke Schönau Vertriebs GmbH,,True,True,True,True,True,True,True,07673 88850,www.ews-schoenau.de,,Friedrichstr. 53/55,79677,Schönau im Schwarzwald
EWV Energie- und Wasser-Versorgung GmbH Stolberg,,,True,True,,,,,,,,Willy-Brandt-Platz 2,52222,Stolberg
ExtraEnergie GmbH,,,,True,,,,,,,,,,
EZV Energie- und Service GmbH & Co. KG Untermain,,,True,True,,,,,,,,Landstraße 47,63939,Wörth a. Main
FairEnergie GmbH,,,True,True,,,,,,,,Hauffstraße 89,72762,Reutlingen
Fair Trade Power Deutschland GmbH,True,,,True,True,True,True,,089 2112210,www.fairtradepower.de,bundesweit,,,
FaNergie - eine Marke der Stadtwerke Freiberg am Neckar Vertriebs-GmbH,,,,True,,,,,,,,,,
Feuchter Gemeindewerke GmbH,,,True,True,,,,,,,,Unterer Zeidlerweg 1,90537,Feucht
Filderstadtwerke,,,True,True,,,,,,,,Brühlstraße 41,70794,Filderstadt-Sielmingen
Fischereihafen-Betriebsgesellschaft mbH,,,True,True,,,,,,,,Lengstraße 1,27572,Bremerhaven
FischerStrom KG,,,,True,,,,,,,,,,
Fohlenstrom - eine Marke der NEW Niederrhein Energie und Wasser GmbH,,,,True,,,,,,,,,,
Freiberger Stromversorgung GmbH,,,True,True,,,,,,,,Poststraße 5,09599,Freiberg
Freisinger Stadtwerke Versorgungs-GmbH,,,True,True,,,,,,,,Wippenhauser Str. 19,85354,Freising
FREITALER STROM+GAS GMBH,,,True,True,,,,,,,,Potschappler Straße 2,01705,Freital/Sachsen
friesenenergie GmbH,,,,True,,,,,,,,,,
Fulda-Eder Energie GmbH & Co. KG - eine Marke der Städtische Werke Kassel AG,,,,True,,,,,,,,,,
fünfwerke GmbH & Co. KG,,,,True,,,,,,,,,,
Fürstlich Fugger v. Glött'sche E-Werks GmbH & Co. KG,,,,True,,,,,,,,,,
Fuxx-Die Sparenergie GmbH,,,,True,,,,,,,,,,
Gammertinger Energie- und Wasserversorgung GmbH,,,,True,,,,,,,,,,
GASAG AG,,,,True,,,,,,,,,,
GAS IN GmbH,,,,True,,,,,,,,,,
GASPAR - eine Marke der rhenag Rheinische Energie AG,,,True,True,,,,,,,,Bayenthalgürtel 9,50968,Köln
Gas- und Energiegenossenschaft Ost- und Mitteldeutschland eG,,,,True,,,,,,,,,,
Gas- und Wärmedienst Börnsen GmbH,,,,True,,,,,,,,,,
Gas- und Wasserversorgung Höxter GmbH,,,True,True,,,,,,,,Corveyer Allee 21,37671,Höxter
Gasversorgungsgesellschaft mbH Rhein-Erft (GVG),,,,True,,,,,,,,,,
Gebrüder Eirich GmbH & Co KG Elektrizitätswerk,,,True,True,,,,,,,,Walldürner Str. 50,74736,Hardheim
Gebrüder Heinzelmann Elektrizitätswerk GmbH & Co. KG,,,True,True,,,,,,,,Halmeil 3,77709,Wolfach-Halbmeil
Gebrüder Miller KG Elektrizitätsversorgung,,,,True,,,,,,,,,,
Gemeinde-Elektrizitäts- und Wasserwerk-Werk Burtenbach,,,,True,,,,,,,,,,
Gemeinde Heroldsbach Stromversorgung,,,True,True,,,,,,,,Hauptstraße 9,91336,Heroldsbach
Gemeindewerke Ammerbuch GmbH,,,True,True,,,,,,,,Kirchstraße 6,72119,Ammerbuch
Gemeindewerke Bad Sassendorf GmbH & Co. KG,,True,True,True,,,,,02921 50581,,,Eichendorffstraße 1,59505,Bad Sassendorf
Gemeindewerke Baiersbronn,,,True,True,,,,,,,,Oberdorfstr. 46,72270,Baiersbronn
Gemeindewerke Bayerisch Gmain,,,,True,,,,,,,,,,
Gemeindewerke Bobenheim-Roxheim,,,True,True,,,,,,,,Rathausplatz,67240,Bobenheim-Roxheim
Gemeindewerke Bobenheim-Roxheim GmbH,True,,,,,,,,06233 6020,www.gemeindewerke-boro.de,regional,,,
Gemeindewerke Brüggen GmbH,,,,True,,,,,,,,,,
Gemeindewerke Budenheim AöR,,,True,True,,,,,,,,Untere Stefanstr. 65,55257,Budenheim
Gemeindewerke Cadolzburg,,,,True,,,,,,,,,,
Gemeindewerke Dudenhofen,,,,True,,,,,,,,,,
Gemeindewerke Ebersdorf,,,,True,,,,,,,,,,
Gemeindewerke Eppelborn GmbH & Co. KG,,,,True,,,,,,,,,,
Gemeindewerke Everswinkel GmbH,,,,True,,,,,,,,,,
Gemeindewerke Frammersbach,,,True,True,,,,,,,,Marktplatz 3 (Rathaus),97833,Frammersbach
Gemeindewerke Gangkofen,,,,True,,,,,,,,,,
Gemeindewerke Garmisch-Partenkirchen,,,True,True,,,,,,,,Adlerstraße 25,82467,Garmisch-Partenkirchen
Gemeindewerke Georgensgmünd,,,True,True,,,,,,,,Bahnhofstrasse 4,91166,Georgensgmünd
Gemeindewerke Grefrath GmbH,,,,True,,,,,,,,,,
Gemeindewerke Großkrotzenburg GmbH,,,True,True,,,,,,,,Anne-Frank-Platz 10,63538,Großkrotzenburg
Gemeindewerke Gundelfingen GmbH,,,True,True,,,,,,,,Alte Bundesstr. 31,79194,Gundelfingen
Gemeindewerke Halstenbek,True,,True,True,,,,,04101 4907112,www.gwhalstenbek.de,regional,Ostereschweg 9,25469,Halstenbek
Gemeindewerke Hardt,True,,True,True,,,,,07422 95880,www.hardt-online.de/gemeindewerke,regional,Mariazeller Str. 1,78739,Hardt
Gemeindewerke Haßloch GmbH,True,,True,True,,,,,06324 59940,www.gwhassloch.de,regional,Gottlieb-Duttenhöfer-Straße 27,67454,Haßloch
Gemeindewerke Heikendorf GmbH,,,True,True,,,,,,,,Wasserwaage 1,24226,Heikendorf
Gemeindewerke Hermaringen,,,True,True,,,,,,,,Karlstr. 12,89568,Hermaringen
Gemeindewerke Herxheim,True,,True,True,,,,,07276 50140,www.gemeindewerke-herxheim.de,regional,Am Rathaus 6,76863,Herxheim
Gemeindewerke Heusweiler GmbH,,,,True,,,,,,,,,,
Gemeindewerke Hohenwestedt GmbH,,,True,True,,,,,,,,Am Gaswerk 8,24594,Hohenwestedt
Gemeindewerke Holzkirchen GmbH,,,True,True,,,,,,,,Industriestraße 8,83607,Holzkirchen
Gemeindewerke Hünxe GmbH,,,True,True,,,,,,,,In der Beckkuhl 4,46569,Hünxe
Gemeindewerke Hütschenhausen c/o Stadtwerke Ramstein-Miesenbach,,,,True,,,,,,,,,,
Gemeindewerke Kahl Versorgungsgesellschaft mbH,,,,True,,,,,,,,,,
Gemeindewerke Kiefersfelden,,,True,True,,,,,,,,Kufsteiner Straße 17,83088,Kiefersfelden
Gemeindewerke Kirkel GmbH,,,,True,,,,,,,,,,
Gemeindewerke Kleinblittersdorf GmbH & Co. KG,,,,True,,,,,,,,,,
Gemeindewerke Krauchenwies,,,,True,,,,,,,,,,
Gemeindewerke Krickenbach c/o Stadtwerke Kaiserslautern Versorgungs-AG,,,True,True,,,,,,,,Burgstraße 11,67659,Kaiserslautern
Gemeindewerke Lam,,,,True,,,,,,,,,,
Gemeindewerke Lambsheim,True,,,,,,,,06233 51090,www.lambsheim-hessheim.de,regional,,,
Gemeindewerke Leck GmbH,,,True,,,,,,,,,Büllsbüller Chaussee 7,25917,Leck
Gemeindewerke Malente,,,,True,,,,,,,,,,
Gemeindewerke Markt Lichtenau,,,True,True,,,,,,,,Ansbacher Straße 11,91586,Lichtenau
Gemeindewerke Markt Stockstadt am Main,,,,True,,,,,,,,,,
Gemeindewerke Münchweiler,True,,,,,,,,06395 92110,www.gemeindewerke-muenchweiler.de,regional,,,
Gemeindewerke Münchweiler AöR,,,,True,,,,,,,,,,
Gemeindewerken Bovenden GmbH & Co. KG,,,True,True,,,,,,,,Rathausplatz 1,37120,Bovenden
Gemeindewerke Neuendettelsau,,,True,True,,,,,,,,Johann-Flierl-Str. 19,91564,Neuendettelsau
Gemeindewerke Niefern-Öschelbronn,,,True,True,,,,,,,,Friedenstraße 11,75223,Niefern-Öschelbronn
Gemeindewerke Nüdlingen,,,True,True,,,,,,,,Kissinger Str. 1,97720,Nüdlingen
Gemeindewerke Nümbrecht GmbH,,,True,True,,,,,,,,Schulstraße 4,51588,Nümbrecht
Gemeindewerke Oberaudorf Elektrizitäts- und Wasserwerk,,,True,True,,,,,,,,Kranzhornstraße 2,83080,Oberaudorf
Gemeindewerke Oberhaching GmbH,,,True,True,,,,,,,,Alpenstraße 11,82041,Oberhaching
Gemeindewerke Partenstein,,,True,True,,,,,,,,Hauptstrasse 24,97846,Partenstein
Gemeindewerke Peiner Land GmbH & Co.KG,,,True,True,,,,,,,,Woltorfer Straße 64,31224,Peine
Gemeindewerke Peißenberg KU,,,True,True,,,,,,,,Forster Str. 19,82380,Peißenberg
Gemeindewerke Pleinfeld,,,True,True,,,,,,,,Marktplatz 11,91785,Pleinfeld
Gemeindewerke Rheinzabern,,,True,True,,,,,,,,Hauptstraße 33,76764,Rheinzabern
Gemeindewerke Rückersdorf,,,True,True,,,,,,,,Brunnenweg 9,90607,Rückersdorf
Gemeindewerke Ruppichteroth GmbH,,True,,True,,,,,02295 907000,,,Brölstraße 5,53809,Ruppichteroth
Gemeindewerke Schönkirchen GmbH,,,True,True,,,,,,,,Dorfstraße 4,24232,Schönkirchen
Gemeindewerke Schutterwald,,,True,True,,,,,,,,Rathaus,77746,Schutterwald
Gemeindewerke Schwarzenbruck GmbH,,,True,True,,,,,,,,Unterer Zeidlerweg 1,90537,Feucht
Gemeindewerke Sinzheim,,,True,True,,,,,,,,Müllhofener Str. 22,76547,Sinzheim
Gemeindewerke St. Michel-Energie GmbH,,,,True,,,,,,,,,,
Gemeindewerke Stammbach,,,True,True,,,,,,,,Rathausstraße 7,95236,Stammbach
Gemeindewerke Steinhagen GmbH,,,True,True,,,,,,,,Westernkamp 12,33803,Steinhagen
Gemeindewerke Steißlingen,,,True,True,,,,,,,,Schulstr. 19,78256,Steißlingen
Gemeindewerke Stelzenberg c/o Stadtwerke Kaiserslautern Versorgungs-AG,,,True,True,,,,,,,,Pirmasenser Straße 62,67655,Kaiserslautern
Gemeindewerke Stockelsdorf GmbH,,,True,True,,,,,,,,Marienburgstraße 7,23617,Stockelsdorf
Gemeindewerke Taufkirchen (Vils) GmbH & Co. KG,,,True,True,,,,,,,,Rathausplatz 1,84416,Taufkirchen (Vils)
Gemeindewerke Thüngen,,,,True,,,,,,,,,,
Gemeindewerke Umkirch GmbH,,,True,True,,,,,,,,Vinzenz-Kremp-Weg 1,79224,Umkirch
Gemeindewerke Waging,,,True,True,,,,,,,,Salzburger Str. 1,83329,Waging am See
Gemeindewerke Waldfischbach-Burgalben,True,,,True,,,,,06333 27580,www.energie.waldfischbach-burgalben.de,regional,,,
Gemeindewerke Weidenthal,,,True,True,,,,,,,,Ramsteiner Weg 2,67685,Weilerbach
Gemeindewerke Wendelstein,,,True,True,,,,,,,,Nürnberger Straße 5,90530,Wendelstein
Gemeindewerke Wickede (Ruhr) GmbH,,,,True,,,,,,,,,,
Gemeindewerke Wildeck Obersuhl,,,True,True,,,,,,,,Eisenacher Straße 98,36208,Wildeck Obersuhl
Gemeindewerke Wilhermsdorf,,,,True,,,,,,,,,,
Gemeindewerk Hördt,,,True,True,,,,,,,,Am Deutschordensplatz 1,76761,Rülzheim
Gemeindewerk Kaufungen GmbH & Co. KG - eine Marke der Städtische Werke AG Kassel,,,,True,,,,,,,,,,
Gemeindl. Werke Hengersberg,,,True,True,,,,,,,,Mimminger Straße 2,94491,Hengersberg
Gemeindliche Stromversorgung Röttenbach,,,True,True,,,,,,,,Ringstr. 46,91341,Röttenbach
gemeinsames Kommunalunternehmen Oberes Egertal,,,True,True,,,,,,,,Wunsiedler Straße 30,95163,Weißenstadt
GENO Energie GmbH,,,,,True,True,,,,,,,,
GEO Gesellschaft für Energieversorgung Ostalb mbH,,,,True,,,,,,,,,,
Georg Oest Mineralölwerk GmbH & Co KG,,True,True,True,,,,,0744 1539112,www.oest.de,,Georg-Oest-Str. 4,72250,Freudenstadt
Getreidemühle Zwiefalten e.G.,,,,True,,,,,,,,,,
Gewerbepark Nürnberg-Feucht Versorgungs- und Abwasserentsorgungs GmbH,,,True,True,,,,,,,,Unterer Zeidlerweg 1,90537,Feucht
GEW Wilhelmshaven GmbH,,,True,True,,,,,,,,Nahestraße 6,26382,Wilhelmshaven
GGEW Gruppen-Gas- und Elektrizitätswerk Bergstraße AG,,,True,True,,,,,,,,Dammstr. 68,64625,Bensheim
goldgas GmbH,,,,True,,,,,,,,,,
Greenline - alternative energien GmbH,,,True,True,,,,,,,,Edelmannstr. 22,39218,Schönebeck
Greenpeace Energy eG,,True,True,True,True,True,True,True,040 808 110600,www.greenpeace-energy.de,,Hongkongstr. 10,20457,Hamburg
grün.power GmbH,,,True,True,,,,,,,,An der Fahrt 5,55124,Mainz
Grüner Funke - eine Marke der Fuxx-Die Sparenergie GmbH,,,,True,,,,,,,,,,
grünES GmbH,,,,True,,,,,,,,,,
Grünstromwerk Vertriebs GmbH,,,True,True,,,,,,,,Englische Planke 2,20459,Hamburg
Grünwelt - eine Marke der Stromio GmbH,,,True,True,,,,,,,,Girmes-Kreuz-Str. 55,41564,Kaarst
Grünwelt Wärmestrom GmbH,,,,True,,,,,,,,,,
GSW Gemeinschaftsstadtwerke GmbH Kamen - Bönen - Bergkamen,,,True,True,,,,,,,,Poststraße 4,59174,Kamen
Gut & Grün - eine Marke der Stadtwerke Bochum GmbH,,,,True,,,,,,,,,,
GWG Grevenbroich GmbH,,,True,,,,,,,,,Nordstrasse 36,41515,Grevenbroich
GWS Stadtwerke Hameln GmbH,True,,True,True,,,,,05151 7880,www.stadtwerke-hameln.de/,regional,Hafenstrasse 14,31785,Hameln
Halberstadtwerke GmbH,,,,True,,,,,,,,,,
HAMBURG ENERGIE GmbH,,,True,True,,,,,,,,Billhorner Deich 2,20539,Hamburg
Harz Energie GmbH & Co. KG,,,True,True,,,,,,,,Lasfelder Str. 10,37520,Osterode
Havelstrom Zehdenick GmbH,,,True,True,,,,,,,,Schleusenstraße 22,16792,Zehdenick
Heinrich Klöcker GmbH & Co. KG,,True,True,True,,,,,0286 1800744,www.kloecker.de,,Ahauser Straße 21,46325,Borken
Heldenstrom - eine Marke der 24/7 Energie & Kommunikation GmbH,,,,True,,,,,,,,,,
Hellweg Energie GmbH - eine Marke der Stadtwerke Lippstadt GmbH,,True,True,True,,,,,0241 282 9233,www.hellwegenergie.de,,Bunsenstr. 2,59557,Lippstadt
Hermann Bantleon GmbH,,True,,,,,,,0731 3990190,www.bantleon.de,,,,
Hermann Geuder Elektrizitätswerk,,,,True,,,,,,,,,,
Hertener Stadtwerke GmbH,,,,True,,,,,,,,,,
Herzo Werke GmbH,,,True,True,,,,,,,,Schießhausstraße 9,91074,Herzogenaurach
hev Hohenloher Energie Versorgung GmbH,,,,True,,,,,,,,,,
HEWA GmbH,,,True,True,,,,,,,,Wilhelm-Ulmer-Str. 12,91217,Hersbruck
HEW HofEnergie+Wasser GmbH,,,True,True,,,,,,,,Unterkotzauer Weg 25,95028,Hof
HKD Handelsgesellschaft für Kirche und Diakonie mbH,,True,,,,,,,0431 54 448844,www.hkd.de,,Herzog-Friedrich-Str. 45,24103,Kiel
Hochsauerland Energie GmbH,,True,,True,,,,,0290 4712 8011,www.hochsauerlandenergie.de,,Auf'm Brinke 11,59872,Meschede
Hoyer Strom und Erdgas GmbH,,,,True,,,,,,,,,,
idealenergie - eine Marke der 365 AG,,,,True,,,,,,,,,,
illwerke vkw AG,,,,True,,,,,,,,,,
ILZHÖFERS Nachf. Inh. Walch KG,,True,True,True,,,,,0821 5608027,www.ilzhoefer.com,,Siebentischstr. 16a,86161,Augsburg
immergrün! Energie - eine Marke der 365 AG,,,,True,,,,,,,,,,
In(n) Energie GmbH,,,,True,,,,,,,,,,
infra fürth gmbh,,,True,True,,,,,,,,Leyher Straße 69,90763,Fürth
INNergie - eine Marke der Stadtwerke Rosenheim Versorgungs GmbH,,,,True,,,,,,,,,,
INNERSTE ENERGIE - eine Marke der WEVG Salzgitter GmbH & Co. KG,,,,True,,,,,,,,,,
innogy Direkt GmbH,,,,True,,,,,,,,,,
innogy SE,,,,True,,,,,,,,,,
KBG KraftstromBezugsgenossenschaft Homberg eG,,,True,True,,,,,,,,Ostpreußenweg 5,34576,Homberg/Efzen
KEEP - Kommunale Eisenberger Energiepartner GmbH,,,,True,,,,,,,,,,
KESLAR GmbH Energiehandel,,True,,True,,,,,0831 5753027,www.keslar.de,,Ostbahnhofstr. 1,87437,Kempten
KEV Energie GmbH (Energie Nordeifel),,,True,,,,,,,,,Hindenburgstraße 13,53925,Kall
KEW Karwendel Energie & Wasser GmbH,,,,True,,,,,,,,,,
KEW Kommunale Energie- und Wasserversorgung AG,,,,True,,,,,,,,,,
KlickEnergie GmbH & Co. KG,,,True,True,,,,,,,,Moselstraße 25-27,41464,Neuss
Klimaschutz+ Energiegenossenschaft,,,,,True,,,True,,,,,,
Knauber Strom - eine Marke der Knauber Erdgas GmbH,,,,True,,,,,,,,,,
KommEnergie GmbH,,,True,True,,,,,,,,Hauptplatz 4,82223,Eichenau
Köthen Energie GmbH,,,True,True,,,,,,,,Lelitzer Straße 27 b,06366,Köthen
Kraftwerke Haag GmbH,,,True,True,,,,,,,,Gabelsbergerstraße 25,83527,Haag i. OB
Kraftwerk Farchant A. Poettinger & Co KG,,,True,True,,,,,,,,Esterbergstrasse 8,82490,Farchant
Kraftwerk Köhlgartenwiese GmbH,,,True,True,,,,,,,,Tegernauer Ortsstrasse 9,79692,Kleines Wiesental
Kreiswerke Main-Kinzig GmbH,,,,True,,,,,,,,,,
Kröger Management GmbH & Co. Windpark Francop KG - in Kooperation mit der enyway GmbH,,,,True,,,,,,,,,,
Lechwerke AG,,,,True,,,,,,,,,,
LE Energy Solutions GmbH,,,,True,,,,,,,,,,
lekker Energie GmbH,,,True,True,,,,,,,,Invalidenstraße 17 a,10115,Berlin
Leu Energie GmbH & Co. KG,,,,True,,,,,,,,,,
"Licht-, Kraft- und Wasserwerke Kitzingen GmbH",,,True,True,,,,,,,,Wörthstraße 5,97318,Kitzingen
LichtBlick,,,,,True,True,True,,,,,,,
LichtBlick SE,,True,True,True,True,true,True,,040 80803030,www.lichtblick.de,,Zirkusweg 6,20359,Hamburg
Licht- und Kraftwerke Helmbrechts GmbH,,,True,True,,,,,,,,Münchberger Str. 65,95233,Helmbrechts
Licht- und Kraftwerke Sonneberg GmbH,,,,True,,,,,,,,,,
LogoEnergie GmbH,,,True,True,,,,,,,,Münsterstraße 9,53881,Euskirchen
LSW Energie GmbH & Co. KG,,,True,True,,,,,,,,Heßlinger Straße 1-5,38440,Wolfsburg
LUDVIKK - eine Marke von TWL Energie Deutschland GmbH,,,,True,,,,,,,,,,
LÜNESTROM - eine Marke der FIRSTCON GmbH,,,,True,,,,,,,,,,
MAINGAU Energie GmbH,,,True,True,,,,,,,,Ringstraße 4 - 6,63179,Obertshausen
Mainova AG,True,,True,True,,,,,0800 1144488,www.mainova.de,regional,Solmsstr. 38,60486,Frankfurt am Main
Maintal-Werke-GmbH,,,True,True,,,,,,,,Neckarstraße 7,63477,Maintal-Dörnigheim
Mainzer Stadtwerke Vertrieb und Service GmbH,,,True,True,,,,,,,,Rheinallee 41,55118,Mainz
MANN Naturenergie GmbH & Co. KG,True,,True,True,True,True,True,True,02661 626215,www.mannstrom.de,bundesweit,Schulweg 8 - 14,57520,Langenbach
Mark-E Aktiengesellschaft,,True,True,True,,,,,0800 123 1000,www.mark-e.de,,Körnerstraße 40,58095,Hagen
medl GmbH,,,,True,,,,,,,,,,
MEGA Monheimer Elektrizitäts- und Gasversorgung GmbH,,True,True,True,,,,,02173 9520222,www.mega-monheim.de,,Daimlerstr. 10a,40789,Monheim am Rhein
meine StadtEnergie - eine Marke der Urbania GmbH,,,True,True,,,,,,,,Breitwieserweg 5,69469,Weinheim
meinheizstrom.de - eine Marke der E.VITA GmbH,,,,True,,,,,,,,,,
Meißener Stadtwerke GmbH,,,True,True,,,,,,,,Karl-Niesner-Str. 1,01662,Meißen
Mindener Stadtwerke GmbH,True,,True,True,,,,,0800 5278941,www.mindener-stadtwerke.de,regional,Großer Domhof 3,32423,Minden
MONTANA Energieversorgung GmbH & Co. KG,,,True,True,,,,,,,,Dr.-Max-Straße 26,82031,Grünwald
MVV Energie AG,,,True,True,,,,,,,,Luisenring 49,68159,Mannheim
NaturEnergie + Deutschland GmbH,True,,,,,,,,0800 9999973,www.naturenergieplus.de/,bundesweit,,,Mühlacker
NatürlichEnergie EMH GmbH,,,,True,,,,,,,,,,
natürlich grün - eine Marke der Smiling Green Energy GmbH,,,True,True,,,,,,,,Grubesallee 24,22143,Hamburg
NATURSTROM AG/ NaturStromHandel GmbH,True,,True,True,True,True,True,True,0211 77 900 100,www.naturstrom.de,bundesweit,Parsevalstraße 11,40468,Düsseldorf
Neander Energie GmbH,,,True,True,,,,,,,,Wilhelmstraße 21,42489,Wülfrath
Neckermann Strom GmbH,,,True,True,,,,,,,,Südportal 3,22848,Norderstedt
N-ERGIE Aktiengesellschaft,,,,True,,,,,,,,,,
Neubrandenburger Stadtwerke GmbH,,,True,True,,,,,,,,John-Schehr-Straße 1-5,17033,Neubrandenburg
NEW Niederrhein Energie und Wasser GmbH,True,,True,True,,,,,0800 6886881,www.new-energie.de,regional,Odenkirchener Str. 201,41236,Mönchengladbach
NEW Tönisvorst GmbH,,,True,,,,,,,,,Ringstraße 1,47918,Tönisvorst
NEW Viersen GmbH,,,True,,,,,,,,,Rektoratstraße 18,41747,Viersen
NGW GmbH,,,True,True,,,,,,,,Duisburger Straße 161-167,47166,Duisburg
Niedersachsen Ports GmbH & Co.KG Niederlassung Emden,,,True,True,,,,,,,,Friedrich-Naumann-Str. 7-9,26725,Emden
Nienburg Energie GmbH,,,True,True,,,,,,,,An der Breiten Riede 9,31582,Nienburg
NiersEnergie GmbH - eine Marke der Stadtwerke Kevelaer,,,True,True,,,,,,,,Kroatenstr. 125,47623,Kevelaer
Niestetal Energie - eine Marke der Städtische Werke Kassel AG,,,True,True,,,,,,,,Heiligenröder Str. 70,34266,Niestetal
NN,,,,,,True,,,,,,,,
Nord Stadtwerke GmbH,,,,True,True,True,,,,,,,,
normenergie - eine Marke der GFM Gesellschaft für Messdienstleistungen mbH,,,,True,,,,,,,,,,
nvb Nordhorner Versorgungsbetriebe GmbH,,,,True,,,,,,,,,,
Oberhessische Versorgungsbetriebe AG,,,True,True,,,,,,,,Hanauer Straße 9-13,61169,Friedberg
Ohra Energie GmbH,,,,True,,,,,,,,,,
OIE AG,,,,True,,,,,,,,,,
Ökostromer Edingen-Neckarhausen ,,,,,True,,True,True,,,,,,
ORIGINAL ENERGIE - eine Marke der Stadtwerke Oranienburg GmbH,,,,True,,,,,,,,,,
OrtenauEnergie - eine Marke des E-Werk Mittelbaden,,,,True,,,,,,,,,,
Osterholzer Stadtwerke GmbH & Co. KG,,,True,True,,,,,,,,Am Pumpelberg 4,27711,Osterholz-Scharmbeck
Osterland Energie - eine Marke der Energie- und Wasserversorgung Altenburg GmbH,,,,True,,,,,,,,,,
Otto Fricke & Co. GmbH,,True,,,,,,,05241 10054,www.fricke-oil.de,,Kaiserstr. 36,33330,Gütersloh
ourPOWER - eine Marke der infra fürth gmbh,,,,True,,,,,,,,,,
PaderEnergy - eine Marke der LSW Energie GmbH & Co. KG,,,,True,,,,,,,,,,
PassatEnergie GmbH,,,,True,,,,,,,,,,
Pfalzwerke AG,True,,True,True,,,,,0800 2792000,www.pfalzwerke.de,regional,Kurfürstenstr. 29,67061,Ludwigshafen
PFALZWERKE AKTIENGESELLSCHAFT,True,,,,,,,,0800 2792000,www.pfalzwerke.de,regional,,,
phönixstrom von der PCS GmbH in Kooperation mit der Energiegenossenschaft Rhein-Ruhr eG,,,,True,,,,,,,,,,
Polarstern GmbH,True,,,True,True,True,True,True,089 309042911,www.polarstern-energie.de/oekostrom/,bundesweit,,,
priostrom - eine Marke der ExtraEnergie GmbH,,,,True,,,,,,,,,,
proefa GmbH,,,,True,,,,,,,,,,
PROENGENO GmbH & Co. KG,True,,,,True,True,True,Tue,04902 9157000,www.proengeno.de,bundesweit,,,
ProEngeno GmbH und Co. KG,,,,,True,True,True,True,,,,,,
PROKON Regenerative Energien eG,,True,,True,True,True,True,True,04821 6855222,www.prokon.net,,Kirchhoffstraße 3,25524,Itzehoe
PRO vitaenergie - eine Marke der KEW Kommunale Energie- und Wasserversorgung AG,,,,True,,,,,,,,,,
PVU Prignitzer Energie- und Wasserversorgungsunternehmen GmbH,,,,True,,,,,,,,,,
Queichtal Energie Offenbach GmbH & Co. KG,,,,True,,,,,,,,,,
R(H)EINPOWER - eine Marke der Stadtwerke Duisburg AG,,,,True,,,,,,,,,,
Regionale EnergieWerke GmbH,,,,True,,,,,,,,,,
Regionalwerk Bodensee GmbH & Co. KG,True,,True,True,,,,,07542 93790,www.rw-bodensee.de,regional,Waldesch 29,88069,Tettnang
Regionalwerk Würmtal GmbH & Co. KG,,,,True,,,,,,,,,,
RELAX-STROM - eine Marke der optimization engineers GmbH,,,,True,,,,,,,,,,
Remstalwerk GmbH & Co. KG,,,True,True,,,,,,,,Schillerstr. 30,73630,Remshalden
Renergiewerke Buttenwiesen GmbH,,,,True,,,,,,,,,,
Repower AG,,True,,,,,,, ,,,Via da Clalt 12,CH-7742,Poschiavo
RevierKraft - eine Marke der Energieversorgung Oberhausen AG,,,,True,,,,,,,,,,
REWAG Regensburger Energie- und Wasserversorgung AG & Co KG,True,,,True,,,,,0800 6016010,www.rewag.de,regional,,,
RheinEnergie AG,,,True,True,,,,,,,,Parkgürtel 24,50823,Köln
Rheinhessen-Energie GmbH c/o VG-Werke Sprendlingen-Gensingen AöR,,,True,True,,,,,,,,Elisabethenstraße 1,55576,Sprendlingen
Rheinhessische Energie- und Wasserversorgungs-GmbH,,,True,True,,,,,,,,Binger Straße 135,55218,Ingelheim
rhenag Rheinische Energie AG,,,True,True,,,,,,,,Bayenthalgürtel 9,50968,Köln
RhönEnergie Fulda,,,,,True,,,,,,,,,
RhönEnergie Fulda GmbH,True,,True,True,,,,,0661 12450,www.rhoenstrom.de,bundesweit,Bahnhofstraße 2,36037,Fulda
Rödl GmbH,,,,True,,,,,,,,,,
ROTHMOSER GMBH & CO. KG,,,True,True,,,,,,,,Am Urtelbach 4,85567,Grafing bei München
ROTHSTROM - eine Marke der Adolf ROTH GmbH & Co. KG,,,,True,,,,,,,,,,
RUCK ZUCK Energie - eine Marke Energieversorgung Pirna GmbH,,,,True,,,,,,,,,,
Rupert Buchauer E-Werk & Elektrotechnik,,,,True,,,,,,,,,,
Saergas GmbH & Co. KG,,,,True,,,,,,,,,,
Savero,,,,,,,,True,,,,,,
Schleswiger Stadtwerke GmbH,,,True,True,,,,,,,,Werkstraße 1,24837,Schleswig
Schöpper & Knoll - Taubertal GmbH,,,True,True,,,,,,,,Am Igelsbach 19,91541,Rothenburg o.d.T.
Schröder Gas GmbH & Co. KG,,,True,True,,,,,,,,Dibberser Bahnhof 5,27321,Thedinghausen
Schtrom - eine Marke der Elektrizitätswerke Schönau Vertriebs GmbH,,,,True,,,,,,,,,,
schwarzwald energy GmbH,,,,True,,,,,,,,,,
SE SAUBER ENERGIE GmbH & Co. KG,,,True,True,,,,,,,,Bayenthalgürtel 9,50968,Köln
SEW Stromversorgungs-GmbH,,,,True,,,,,,,,,,
Shell PrivatEnergie GmbH,,,,True,,,,,,,,,,
Siegener Versorgungsbetriebe GmbH,,,True,True,,,,,,,,Morleystraße 29-37,57072,Siegen
Silphienergie GmbH,,,,True,,,,,,,,,,
Simply Green - Marke der ProSiebenSat.1 Digital,,,,,True,True,,,,,,,,
SimplyGreen von ENTEGA Energie GmbH,,,,True,,,,,,,,,,
Solargenossenschaft Rosenheim eG,,,True,True,,,,,,,,Am Gangsteig 16,83024,Rosenheim
Sömmerdaer Energieversorgung GmbH,,,,True,,,,,,,,,,
Spätzle Strom - ein Marke der EHINGER ENERGIE Stromvertrieb GmbH & Co. KG,,,,True,,,,,,,,,,
SpreeGas Gesellschaft für Gasversorgung und Energiedienstleistung mbH,,,,True,,,,,,,,,,
SSW - Stadtwerke St. Wendel GmbH & Co. KG,,,,True,,,,,,,,,,
Städtische Betriebswerke Luckenwalde GmbH,,,True,True,,,,,,,,Kirchhofsweg 6,14943,Luckenwalde
Städtisches Kommunalunternehmen Baiersdorf,,,True,True,,,,,,,,Am Anger 5,91083,Baiersdorf
Städtische Werke AG Kassel,,,True,True,,,,,,,,Königstor 3-13,34117,Kassel
Städtische Werke Borna GmbH,,,,True,,,,,,,,,,
Städtische Werke Magdeburg GmbH & Co. KG,,,True,True,,,,,,,,Am Alten Theater 1,39104,Magdeburg
Städtische Werke Spremberg (Lausitz) GmbH,,,True,True,,,,,,,,Lustgartenstraße 4a,03130,Spremberg
Stadt- und Überlandwerke GmbH Lübben,,,True,True,,,,,,,,Bahnhofstraße 30,15907,Lübben
Stadt- und Überlandwerke GmbH Luckau-Lübbenau,,,True,True,,,,,,,,Am Bahnhof 2,15926,Luckau
Stadtwerk am See GmbH & Co. KG,,True,True,True,,,,, ,www.stadtwerk-am-see.de,,Kornblumenstr. 7/1,88046,Friedrichshafen
Stadtwerke Aalen GmbH,,,True,True,,,,,,,,Im Hasennest 9,73433,Aalen
Stadtwerke Achim AG,,,True,True,,,,,,,,Gaswerkstr.7,28832,Achim
Stadtwerke Ahaus GmbH,,,,True,,,,,,,,,,
Stadtwerke Ahlen GmbH,,,,True,,,,,,,,,,
Stadtwerke Ahrensburg GmbH,,,True,True,,,,,,,,Lohe 1,22926,Ahrensburg
Stadtwerke Altdorf GmbH,,True,True,True,,,,,09187 9290,www.stadtwerke-altdorf.de,,Hersbrucker Straße 6a,90518,Altdorf
Stadtwerke Altensteig,,,True,True,,,,,,,,Jahnstraße 13,72213,Altensteig
Stadtwerke Amberg Versorgungs GmbH,,,,True,,,,,,,,,,
Stadtwerke Andernach Energie GmbH,,,True,True,,,,,,,,Läufstraße 4,56626,Andernach
Stadtwerke Annaberg-Buchholz Energie AG,,,,True,,,,,,,,,,
Stadtwerke Annweiler,,,True,True,,,,,,,,Saarlandstr. 13,76855,Annweiler
Stadtwerke Annweiler am Trifels,True,,,,,,,,06346 30090,www.stadtwerke-annweiler.de,regional,,,
Stadtwerke Ansbach GmbH,,,True,True,,,,,,,,Rügländer Straße 1a,91522,Ansbach
Stadtwerke Arnsberg Vertriebs und Energiedienstleistungs GmbH,,,True,True,,,,,,,,Niedereimerfeld 22,59823,Arnsberg
Stadtwerke Arnstadt GmbH,,,True,True,,,,,,,,Elxlebener Weg 8,99310,Arnstadt
Stadtwerke Aschersleben GmbH,,,True,True,,,,,,,,Postfach 1756,06449,Aschersleben
Stadtwerke Aue - Bad Schlema GmbH,,,,True,,,,,,,,,,
Stadtwerke Augsburg Energie GmbH,,,True,True,,,,,,,,Hoher Weg 1,86152,Augsburg
Stadtwerke Aurich GmbH,,,,True,,,,,,,,,,
Stadtwerke Bad Aibling,,,True,True,,,,,,,,Lindenstr. 30,83043,Bad Aibling
Stadtwerke Bad Belzig GmbH,,,,True,,,,,,,,,,
Stadtwerke Bad Bergzabern GmbH,,,,True,,,,,,,,,,
Stadtwerke Bad Bramstedt GmbH,,,True,True,,,,,,,,Lohstücker Weg 10 - 12,24576,Bad Bramstedt
Stadtwerke Bad Brückenau GmbH,,,True,True,,,,,,,,Sinnaustr. 14,97769,Bad Brückenau
Stadtwerke Bad Dürkheim,True,,,,,,,,06322 935813,www.sw-duerkheim.de,regional,,,
Stadtwerke Bad Dürkheim GmbH,,,True,True,,,,,,,,Salinenstrasse 36,67098,Bad Dürkheim
Stadtwerke Baden-Baden,,,,True,,,,,,,,,,
Stadtwerke Bad Friedrichshall,,,True,True,,,,,,,,Saline 1,74177,Bad Friedrichshall
Stadtwerke Bad Harzburg GmbH,,,,True,,,,,,,,,,
Stadtwerke Bad Herrenalb GmbH,,,True,True,,,,,,,,Bahnhofstr. 12,76332,Bad Herrenalb
Stadtwerke Bad Hersfeld GmbH,,,True,True,,,,,,,,Kleine Industriestrasse 1,36251,Bad Hersfeld
Stadtwerke Bad Kissingen GmbH,,,True,True,,,,,,,,Würzburger Straße 5,97688,Bad Kissingen
Stadtwerke Bad Langensalza GmbH,,,True,True,,,,,,,,Illebener Weg 11a,99947,Bad Langensalza
Stadtwerke Bad Nauheim GmbH,,,True,True,,,,,,,,Hohe Straße 14-18,61231,Bad Nauheim
Stadtwerke Bad Neustadt a.d. Saale,,,True,True,,,,,,,,Goethestr. 17/19,97616,Bad Neustadt
Stadtwerke Bad Pyrmont Energie & Verkehrs GmbH,,,True,True,,,,,,,,Südstrasse 3,31812,Bad Pyrmont
Stadtwerke Bad Reichenhall KU,,,True,True,,,,,,,,Hallgrafenstraße 2,83435,Bad Reichenhall
Stadtwerke Bad Rodach,,,,True,,,,,,,,,,
Stadtwerke Bad Sachsa GmbH,,,True,True,,,,,,,,Feldstraße 10,37441,Bad Sachsa
Stadtwerke Bad Säckingen GmbH,,,True,True,,,,,,,,Schulhausstraße 40,79713,Bad Säckingen
Stadtwerke Bad Salzuflen GmbH,,,True,True,,,,,,,,Uferstr. 36-44,32108,Bad Salzuflen
Stadtwerke Bad Saulgau,,,True,True,,,,,,,,Moosheimer Straße 28,88348,Bad Saulgau
Stadtwerke Bad Sooden-Allendorf,,,True,True,,,,,,,,Werrastrasse 24,37242,Bad Sooden-Allendorf
Stadtwerke Bad Tölz GmbH,,,True,True,,,,,,,,An der Osterleite 2,83646,Bad Tölz
Stadtwerke Bad Vilbel GmbH,,,True,True,,,,,,,,Theodor-Heuss-Str. 53-63,61118,Bad Vilbel-Dortelweil
Stadtwerke Bad Wildbad GmbH & Co. KG,,,True,True,,,,,,,,Ladestr. 5,75323,Bad Wildbad
Stadtwerke Bad Windsheim,,,True,True,,,,,,,,Vorm Rothenburger Tor 2,91438,Bad Windsheim
Stadtwerke Bad Wörishofen,,,True,True,,,,,,,,Stadionring 18,86825,Bad Wörishofen
Stadtwerke Balingen,,,True,True,,,,,,,,Wasserwiesen 37,72336,Balingen
Stadtwerke Balve GmbH Vertriebs- und Servicegesellschaft,,,,True,,,,,,,,,,
Stadtwerke Bamberg Energie- und Wasserversorgungs GmbH,,,True,True,,,,,,,,Margaretendamm 28,96052,Bamberg
Stadtwerke Barmstedt Xtra GmbH,,,True,True,,,,,,,,Bahnhofstr. 27,25355,Barmstedt
Stadtwerke Barsinghausen GmbH,,,,True,,,,,,,,,,
Stadtwerke Barth GmbH,,,True,True,,,,,,,,Louis-Fürnberg-Strasse 3,18356,Barth
Stadtwerke Bayreuth Energie und Wasser GmbH,,,True,True,,,,,,,,Birkenstraße 2,95447,Bayreuth
Stadtwerke Bebra GmbH,,,True,True,,,,,,,,Wiesenweg 1,36179,Bebra
Stadtwerke Bernau GmbH,,,True,True,,,,,,,,Breitscheidstraße 45,16321,Bernau bei Berlin
Stadtwerke Bernburg GmbH,,,,True,,,,,,,,,,
Stadtwerke Bexbach GmbH,,,True,True,,,,,,,,Kolpingstraße 83,66450,Bexbach
Stadtwerke Bielefeld GmbH,,,True,True,,,,,,,,Schildescher Str. 16,33611,Bielefeld
Stadtwerke Bietigheim-Bissingen GmbH,,,True,True,,,,,,,,Rötestr. 8,74321,Bietigheim-Bissingen
Stadtwerke Bitterfeld-Wolfen GmbH,,,,True,,,,,,,,,,
Stadtwerke Blankenburg GmbH,,,True,True,,,,,,,,Börnecker Straße 6,38889,Blankenburg
Stadtwerke Bliestal GmbH,True,,True,True,,,,,06381 42070,www.stadtwerke.kusel.de,regional,Bliesgaustraße 13,66440,Blieskastel
Stadtwerke Böblingen GmbH & Co. KG,,,True,True,,,,,,,,Wolfgang-Brumme-Allee 32,71032,Böblingen
Stadtwerke Bochum GmbH,,,True,True,,,,,,,,Ostring 28,44787,Bochum
Stadtwerke Bogen GmbH,,,True,True,,,,,,,,Agendorfer Straße 19,94327,Bogen
Stadtwerke Böhmetal GmbH,,,,True,,,,,,,,,,
Stadtwerke Borken/Westfalen GmbH,,,,True,,,,,,,,,,
Stadtwerke Bramsche GmbH,,,,True,,,,,,,,,,
Stadtwerke Brandenburg an der Havel GmbH & Co. KG,,,True,True,,,,,,,,Packhofstraße 31,14776,Brandenburg an der Havel
Stadtwerke Bredstedt GmbH,,,True,,,,,,,,,Markt 3,25821,Bredstedt
Stadtwerke Bretten GmbH,,,True,True,,,,,,,,Pforzheimer Str. 80-84,75015,Bretten
Stadtwerke Brilon Energie GmbH,,,,True,,,,,,,,,,
Stadtwerke Brühl GmbH,,,True,True,,,,,,,,Engeldorfer Straße 2,50321,Brühl
Stadtwerke Brunsbüttel GmbH,,,True,True,,,,,,,,Eddelaker Straße 123 d,25541,Brunsbüttel
Stadtwerke Buchen GmbH & Co KG,,,True,True,,,,,,,,Am Hohen Markstein 3,74722,Buchen/Odenwald
Stadtwerke Buchholz in der Nordheide GmbH,,,True,True,,,,,,,,Maurerstraße 10,21244,Buchholz i.d.N.
Stadtwerke Bühl GmbH,,,True,True,,,,,,,,Siemensstr. 5,77815,Bühl
Stadtwerke Burgbernheim,,,,True,,,,,,,,,,
Stadtwerke Burgdorf GmbH,,,True,True,,,,,,,,Vor dem Hannoverschen Tor 12,31303,Burgdorf
Stadtwerke Burg GmbH,,,True,True,,,,,,,,Schartauer Straße 58a,39288,Burg
Stadtwerke Buxtehude GmbH,,,True,True,,,,,,,,Ziegelkamp 8,21614,Buxtehude
Stadtwerke Castrop-Rauxel GmbH,,,True,True,,,,,,,,Lönsstrasse 12,44575,Castrop-Rauxel
Stadtwerke Celle GmbH,,,True,True,,,,,,,,Magnusstraße 2,29221,Celle
Stadtwerke Cham GmbH,,,,True,,,,,,,,,,
Stadtwerke Clausthal-Zellerfeld GmbH,,,True,True,,,,,,,,Robert-Koch-Str. 5,38678,Clausthal-Zellerfeld
Stadtwerke Coesfeld GmbH,,,,True,,,,,,,,,,
Stadtwerke Cottbus GmbH,,,True,True,,,,,,,,Karl-Liebknecht-Straße 130,03046,Cottbus
Stadtwerke Crailsheim GmbH,,,True,True,,,,,,,,Fr.-Bergius-Str. 10 - 14,74564,Crailsheim
Stadtwerke Dachau,,,True,True,,,,,,,,Brunngartenstr. 3,85221,Dachau
Stadtwerke Deggendorf GmbH,,,True,True,,,,,,,,Graflinger Straße 36,94469,Deggendorf
Stadtwerke Deidesheim GmbH,,,True,True,,,,,,,,Im Kathrinenbild 5,67146,Deidesheim
Stadtwerke Delitzsch GmbH,,,,True,,,,,,,,,,
Stadtwerke Delmenhorst GmbH,,,,True,,,,,,,,,,
Stadtwerke Detmold GmbH,,,True,True,,,,,,,,Am Gelskamp 10,32758,Detmold
Stadtwerke Dettelbach,,,True,True,,,,,,,,Luitpold-Baumann-Str. 1,97337,Dettelbach
Stadtwerke Diez GmbH,,,,True,,,,,,,,,,
Stadtwerke Dillingen/Saar GmbH,,,,True,,,,,,,,,,
Stadtwerke Dingolfing GmbH,,,,True,,,,,,,,,,
Stadtwerke Dinkelsbühl,,,,True,,,,,,,,,,
Stadtwerke Dinslaken GmbH,,,True,True,,,,,,,,Gerhard-Malina-Strasse 1,46537,Dinslaken
Stadtwerke Ditzingen GmbH & Co. KG,,,True,True,,,,,,,,Bauernstraße 76/1,71254,Ditzingen
Stadtwerke Döbeln GmbH,,,True,True,,,,,,,,Rosa-Luxemburg-Str. 9,04720,Döbeln
Stadtwerke Dorfen GmbH,,,,True,,,,,,,,,,
Stadtwerke Dreieich GmbH,,,,True,,,,,,,,,,
Stadtwerke Duisburg AG,,,True,True,,,,,,,,Bungertstr. 27,47053,Duisburg
Stadtwerke Dülmen GmbH,,,,True,,,,,,,,,,
Stadtwerke Düren GmbH,,,True,True,,,,,,,,Arnoldsweilerstr. 60,52351,Düren
Stadtwerke Düsseldorf AG,,,True,True,,,,,,,,Höherweg 100,40233,Düsseldorf
Stadtwerke Eberbach,,,,True,,,,,,,,,,
Stadtwerke Ebermannstadt Versorgungsbetriebe GmbH,,,True,True,,,,,,,,Forchheimer Straße 29,91320,Ebermannstadt
Stadtwerke Eckernförde GmbH,,,True,True,,,,,,,,Bormbrook 1,24340,Eckernförde
Stadtwerke Eichstätt Versorgungs-GmbH,,,,True,,,,,,,,,,
Stadtwerke Eilenburg GmbH,,,,True,,,,,,,,,,
Stadtwerke Einbeck GmbH,,,True,True,,,,,,,,Grimsehlstraße 17,37574,Einbeck
Stadtwerke Eisenberg Energie GmbH,,,True,True,,,,,,,,Etzdorfer Str. 2,07607,Eisenberg
Stadtwerke Eisenhüttenstadt GmbH,,,,True,,,,,,,,,,
Stadtwerke Elbtal GmbH,,,True,True,,,,,,,,Neubrunnstraße 8,01445,Radebeul
Stadtwerke Elm-Lappwald GmbH,,,True,True,,,,,,,,Marktstraße 18,38154,Königslutter am Elm
Stadtwerke Elzach Versorgungs- und Kurbetriebe,,,True,True,,,,,,,,Hauptstraße 99,79215,Elzach
Stadtwerke Emden GmbH,,,True,True,,,,,,,,Martin-Faber-Str. 11,26725,Emden
Stadtwerke Emmendingen GmbH,,,True,True,,,,,,,,Am Gaswerk 1,79312,Emmendingen
Stadtwerke Emmerich GmbH,,,True,True,,,,,,,,Wassenbergstraße 1,46446,Emmerich
Stadtwerke Emsdetten GmbH,,,True,True,,,,,,,,Moorbrückenstraße 30,48282,Emsdetten
Stadtwerke Energie Jena-Pößneck GmbH,,,True,True,,,,,,,,Rudolstädter Straße 39,07745,Jena
Stadtwerke Engen GmbH,,,True,True,,,,,,,,Eugen-Schädler-Str. 3,78234,Engen
Stadtwerke Eppingen GmbH & Co. KG,,,,True,,,,,,,,,,
Stadtwerke Erkrath GmbH,,,True,True,,,,,,,,Gruitener Straße 27,40699,Erkrath
Stadtwerke Eschwege GmbH,,,True,True,,,,,,,,Niederhoner Straße 36,37269,Eschwege
Stadtwerke Essen AG,,,True,True,,,,,,,,Rüttenscheider Straße 27 - 37,45128,Essen
Stadtwerke Ettlingen GmbH,,True,True,True,,,,,07243 101619,www.sw-ettlingen.de,,Hertzstraße 33,76275,Ettlingen
Stadtwerke Eutin GmbH,,True,True,True,,,,,04521 705300,www.stadtwerke-eutin.de/,,Holstenstraße 6,23701,Eutin
Stadtwerke EVB Huntetal GmbH,,,True,True,,,,,,,,Amelogenstr. 1,49356,Diepholz
Stadtwerke Fellbach GmbH,,,True,True,,,,,,,,Ringstraße 5,70736,Fellbach
Stadtwerke Feuchtwangen,,,True,True,,,,,,,,Ansbacher Straße 29,91555,Feuchtwangen
Stadtwerke Finsterwalde GmbH,,,True,True,,,,,,,,Langer Damm 14,03238,Finsterwalde
Stadtwerke Flensburg GmbH,,True,True,True,True,True,,,0461 487 44 55,www.stadtwerke-flensburg.de,,Batteriestr. 48,24939,Flensburg
Stadtwerke Forchheim GmbH,,,True,True,,,,,,,,Haidfeldstrasse 8,91301,Forchheim
Stadtwerke Forst GmbH,,,,True,,,,,,,,,,
Stadtwerke Frankenthal GmbH,,True,True,True,,,,,06233 6020,www.swift-energy.de,,Wormser Str. 111,67227,Frankenthal
Stadtwerke Frankfurt (Oder) GmbH,,,True,True,,,,,,,,Karl-Marx-Straße 195,15230,Frankfurt (Oder)
Stadtwerke Freudenberg GmbH & Co. KG,,,True,True,,,,,,,,Hauptstraße 152,97896,Freudenberg
Stadtwerke Freudenstadt GmbH & Co. KG,,,True,True,,,,,,,,Reichsstraße 9,72250,Freudenstadt
Stadtwerke Friedrichsthal GmbH & Co. KG,,,,True,,,,,,,,,,
Stadtwerke Fröndenberg GmbH,,,,True,,,,,,,,,,
Stadtwerke Fürstenfeldbruck GmbH,,,True,True,,,,,,,,Bullachstrasse 27,82256,Fürstenfeldbruck
Stadtwerke Furth im Wald GmbH & Co. KG,,,,True,,,,,,,,,,
Stadtwerke Gaggenau,,,,True,,,,,,,,,,
Stadtwerke Garbsen GmbH,,,True,True,,,,,,,,Kochslandweg 20-22,30823,Garbsen
Stadtwerke Geesthacht GmbH,,,True,True,,,,,,,,Elbuferstraße 48-54,21502,Geesthacht
Stadtwerke Geldern GmbH,,True,True,True,,,,,02831 933343,www.swgeldern.de,,Markt 25,47608,Geldern
Stadtwerke Gelnhausen GmbH,,,True,True,,,,,,,,Philipp-Reis-Straße 1 - 3,63571,Gelnhausen
Stadtwerke Gengenbach,,,True,True,,,,,,,,Hauptstraße 17,77723,Gengenbach
Stadtwerke Georgsmarienhütte GmbH,,,True,True,,,,,,,,Malbergerstraße 13,49124,Georgsmarienhütte
Stadtwerke Germersheim GmbH,,,True,True,,,,,,,,Gaswerkstraße 3,76726,Germersheim
Stadtwerke Gescher GmbH,,,True,True,,,,,,,,Inselstr. 5,48712,Gescher
Stadtwerke Gießen AG,,,True,True,,,,,,,,Lahnstraße 31,35398,Gießen
Stadtwerke Gifhorn GmbH,,,True,True,,,,,,,,Torstraße 7,38518,Gifhorn
Stadtwerke Glauchau Dienstleistungsgesellschaft mbH,,,,True,,,,,,,,,,
Stadtwerke Glückstadt GmbH,,,True,True,,,,,,,,Bahnhofstrasse 2,25348,Glückstadt
Stadtwerke GmbH Bad Kreuznach,,,,True,,,,,,,,,,
Stadtwerke Goch GmbH,,,True,True,,,,,,,,Postfach 100553,47574,Goch
Stadtwerke Görlitz AG,,,True,True,,,,,,,,Demianiplatz 23,02826,Görlitz
Stadtwerke Gotha GmbH,,,,True,,,,,,,,,,
Stadtwerke Göttingen AG,,,,True,,,,,,,,,,
Stadtwerke Greven GmbH,,,True,True,,,,,,,,Saerbecker Str. 77-78,48268,Greven
Stadtwerke Grevesmühlen GmbH,,,True,True,,,,,,,,Grüner Weg 26,23936,Grevesmühlen
Stadtwerke Grimma GmbH,,,True,True,,,,,,,,Lange Straße 17,04668,Grimma
Stadtwerke Gronau GmbH,,,True,True,,,,,,,,Laubstiege 19,48599,Gronau
Stadtwerke Großalmerode GmbH & Co. KG - eine Marke der Städtische Werke AG Kassel,,,,True,,,,,,,,,,
Stadtwerke Groß-Gerau Versorgungs GmbH,,,True,True,,,,,,,,Darmstädter Strasse 53,64521,Groß-Gerau
Stadtwerke Grünstadt GmbH,,,True,True,,,,,,,,Max-Planck-Str. 12,67269,Grünstadt
Stadtwerke Gunzenhausen GmbH,,,True,True,,,,,,,,Nürnbergerstr. 19-21,91710,Gunzenhausen
Stadtwerke Güstrow GmbH,,,,True,,,,,,,,,,
Stadtwerke Gütersloh GmbH,,,True,True,,,,,,,,Berliner Str. 260,33330,Gütersloh
Stadtwerke Haan GmbH,,,True,True,,,,,,,,Leichlinger Straße 2,42781,Haan
Stadtwerke Hagenow GmbH,,,True,True,,,,,,,,Bahnhofstraße 87,19230,Hagenow
Stadtwerke Haiger,,,True,True,,,,,,,,Hüttenstraße 18,35708,Haiger
Stadtwerke Haldensleben GmbH,,,,True,,,,,,,,,,
Stadtwerke Haltern am See GmbH,,,,True,,,,,,,,,,
Stadtwerke Hammelburg GmbH,,,True,True,,,,,,,,Rote-Kreuz-Str. 44,97762,Hammelburg
Stadtwerke Hamm GmbH,,,True,True,,,,,,,,Südring 1 - 3,59065,Hamm
Stadtwerke Hanau GmbH,,,,True,,,,,,,,,,
Stadtwerke Harsewinkel GmbH,,,True,True,,,,,,,,Münsterstraße 8,33428,Harsewinkel
Stadtwerke Haslach,,,True,True,,,,,,,,Alte Hausacher Str. 1,77716,Haslach
Stadtwerke Hattingen GmbH,,,True,True,,,,,,,,Weg zum Wasserwerk 23,45525,Hattingen
Stadtwerke Havelberg GmbH,,,,True,,,,,,,,,,
Stadtwerke Hechingen,,,,True,,,,,,,,,,
Stadtwerke Heide GmbH,,,True,True,,,,,,,,Hinrich-Schmidt-Str. 16,25746,Heide
Stadtwerke Heidelberg Energie GmbH,,True,True,True,,,,,06221 5130,www.hvv-heidelberg.de,,Kurfürsten-Anlage 50,69115,Heidelberg
Stadtwerke Heidenheim AG,,,True,True,,,,,,,,Meeboldstraße 1,89522,Heidenheim
Stadtwerke Heilbad Heiligenstadt GmbH,,,,True,,,,,,,,,,
Stadtwerke Heiligenhafen,,,,True,,,,,,,,,,
Stadtwerke Heilsbronn,,,True,True,,,,,,,,Kammereckerplatz 1,91560,Heilsbronn
Stadtwerke Hemau,,,,True,,,,,,,,,,
Stadtwerke Hemer GmbH,,,,True,,,,,,,,,,
Stadtwerke Herborn GmbH,,,True,True,,,,,,,,Walkmühlenweg 12,35745,Herborn
Stadtwerke Herford GmbH,,,True,True,,,,,,,,Werrestr. 103,32049,Herford
Stadtwerke Herne AG,,,True,True,,,,,,,,Grenzweg 18,44623,Herne
Stadtwerke Herrenberg,,,,True,,,,,,,,,,
Stadtwerke Hettstedt GmbH,,,,True,,,,,,,,,,
Stadtwerke Hilden GmbH,,,True,True,,,,,,,,Am Feuerwehrhaus 1,40724,Hilden
Stadtwerke Hockenheim,,,True,True,,,,,,,,Obere Hauptstr. 8,68766,Hockenheim
Stadtwerke Hollfeld,,,,True,,,,,,,,,,
Stadtwerke Holzminden GmbH,,,True,True,,,,,,,,Rehwiese 28,37603,Holzminden
Stadtwerke Homburg GmbH,,,True,True,,,,,,,,Lessingstr. 3,66424,Homburg
Stadtwerke Horb am Neckar,,,,True,,,,,,,,,,
Stadtwerke Hünfeld GmbH,,,True,True,,,,,,,,Lindenstraße 8,36088,Hünfeld
Stadtwerke Husum GmbH,,,True,True,,,,,,,,Am Binnenhafen 1,25813,Husum
Stadtwerke Ilmenau GmbH,,,,True,,,,,,,,,,
Stadtwerke Ingolstadt Energie GmbH,,,,True,,,,,,,,,,
Stadtwerke Iserlohn GmbH,,True,True,True,,,,,0800 5892242,www.sauerlandstrom-natur.de,,Stefanstr. 4-8,58638,Iserlohn
Stadtwerke Itzehoe GmbH,,,True,True,,,,,,,,Gasstraße 18,25524,Itzehoe
Stadtwerke Jülich GmbH,,,True,True,,,,,,,,An der Vogelstange 2a,52428,Jülich
Stadtwerke Kaarst GmbH,,,True,True,,,,,,,,Rathaus Stadt Kaarst,41564,Kaarst
Stadtwerke Kalkar GmbH & Co. KG,,,,True,,,,,,,,,,
Stadtwerke Kaltenkirchen GmbH,,,True,True,,,,,,,,Kamper Weg 38,24568,Kaltenkirchen
Stadtwerke Kamp-Lintfort GmbH,,,True,True,,,,,,,,Wilhelmstraße 1a,47475,Kamp-Lintfort
Stadtwerke Karlsruhe GmbH,,True,True,True,,,,,0800 200 300 6,www.stadtwerke-karlsruhe.de,,Daxlander Straße 72,76185,Karlsruhe
Stadtwerke Kelheim GmbH & Co. KG,,,True,True,,,,,,,,Hallstattstr. 15,93309,Kelheim
Stadtwerke Kempen GmbH,,,,True,,,,,,,,,,
Stadtwerke Kerpen - in Kooperation mit innogy SE,,,,True,,,,,,,,,,
Stadtwerke Kiel AG,,,True,True,,,,,,,,Uhlenkrog 32,24113,Kiel
Stadtwerke Kirn GmbH,,,,True,,,,,,,,,,
Stadtwerke Kleve GmbH,,,True,True,,,,,,,,Flutstraße 36,47533,Kleve
Stadtwerke Klingenberg Kommunalunternehmen (AöR),,,True,True,,,,,,,,Rathausstraße 9,63911,Klingenberg a.Main
Stadtwerke Konstanz GmbH,,,True,True,,,,,,,,Max-Stromeyerstr.21-29,78467,Konstanz
Stadtwerke Kulmbach,,,,True,,,,,,,,,,
Stadtwerke Kusel GmbH,,,True,True,,,,,,,,Lehnstraße 32,66869,Kusel
Stadtwerke Laage GmbH,,,True,True,,,,,,,,Polchower Chaussee 12,18299,Laage
Stadtwerke Lage GmbH,,,,True,,,,,,,,,,
Stadtwerke Lambrecht (Pfalz) GmbH,True,,True,True,,,,,06325 1890,www.sw-lambrecht.de,regional,Hauptstrasse 14,67466,Lambrecht
Stadtwerke Landau a.d. Isar,,,,True,,,,,,,,,,
Stadtwerke Landsberg KU,,,,True,,,,,,,,,,
Stadtwerke Landshut,,,,True,,,,,,,,,,
Stadtwerke Langenfeld GmbH,,True,,True,,,,,02173 979542,www.stw-langenfeld.de,,Langforter Str. 7,40764,Langenfeld
Stadtwerke Langen GmbH,,,True,True,,,,,,,,Weserstr. 14,63225,Langen
Stadtwerke Langenzenn,,,True,True,,,,,,,,Obere Ringstrasse 17,90579,Langenzenn
Stadtwerke Laufenburg,,,True,True,,,,,,,,Hauptstraße 30,79725,Laufenburg
Stadtwerke Lauterbach GmbH,,,True,True,,,,,,,,Hinter dem Spittel 15,36341,Lauterbach
Stadtwerke Lebach GmbH & Co. KG,,,,True,,,,,,,,,,
Stadtwerke Lehrte GmbH,,,,True,,,,,,,,,,
Stadtwerke Leinefelde-Worbis GmbH,,,,True,,,,,,,,,,
Stadtwerke Leine - Solling GmbH,,,,True,,,,,,,,,,
Stadtwerke Leinfelden-Echterdingen,,,,True,,,,,,,,,,
Stadtwerke Leipzig GmbH,,,True,True,,,,,,,,Eutritzscher Str. 17-19,04105,Leipzig
Stadtwerke Lemgo GmbH,,,True,True,,,,,,,,Bruchweg 24,32657,Lemgo
Stadtwerke Lengerich GmbH,,True,True,True,,,,,054 81 80 0540,www.stadtwerke-lengerich.de,,An der Mühlenbreede 4,49525,Lengerich
Stadtwerke Leutershausen,,,,True,,,,,,,,,,
Stadtwerke Lichtenfels,,,,True,,,,,,,,,,
Stadtwerke Lindau (B) GmbH & Co. KG,,,True,True,,,,,,,,Auenstraße 12,88131,Lindau (B)
Stadtwerke Lingen GmbH,,,,True,,,,,,,,,,
Stadtwerke Lippstadt GmbH,,True,True,True,,,,,02941 282912,www.stadtwerke-lippstadt.de,,Bunsenstraße 2,59557,Lippstadt
Stadtwerke Löbau GmbH,,,True,True,,,,,,,,Georgewitzer Strasse 54,02708,Löbau
Stadtwerke Löffingen,True,,True,True,,,,,07654 8020,www.stadtwerke-loeffingen.de,regional,Rathausplatz 1,79843,Löffingen
Stadtwerke Lohmar GmbH & Co. KG,,,True,True,,,,,,,,Hauptstraße 27 -29,53797,Lohmar
Stadtwerke Loitz GmbH,,,,True,,,,,,,,,,
Stadtwerke Lübbecke GmbH,,,True,True,,,,,,,,Gasstraße 1,32312,Lübbecke
Stadtwerke Lübeck GmbH,,,True,True,,,,,,,,Geniner Straße 80,23560,Lübeck
Stadtwerke Lübz GmbH,,,,True,,,,,,,,,,
Stadtwerke Lüdenscheid GmbH,,True,True,True,,,,,0800 157 1000,www.swls.de,,Lennestraße 2,58507,Lüdenscheid
Stadtwerke Ludwigsburg-Kornwestheim GmbH,,True,,True,,,,,07141 9102577,www.swlb.de,,Gänsfußallee 23,71636,Ludwigsburg
Stadtwerke Ludwigsfelde GmbH,,,True,True,,,,,,,,Potsdamer Straße 31,14974,Ludwigsfelde
Stadtwerke Ludwigslust-Grabow GmbH,,,,True,,,,,,,,,,
Stadtwerke Lünen GmbH,,,,True,,,,,,,,,,
Stadtwerke Lutherstadt Eisleben GmbH,,,,True,,,,,,,,,,
Stadtwerke Lutherstadt Wittenberg GmbH,,,True,True,,,,,,,,Lucas-Cranach-Str. 22,06886,Lutherstadt Wittenberg
Stadtwerke Malchow,,,,True,,,,,,,,,,
Stadtwerke Marburg GmbH,,,True,True,,,,,,,,Am Krekel 55,35039,Marburg
Stadtwerke Meerane GmbH,,,True,True,,,,,,,,Obere Bahnstr. 10,08393,Meerane
Stadtwerke Meiningen GmbH,,,True,True,,,,,,,,Utendorfer Straße 122,98617,Meiningen
Stadtwerke Menden GmbH,True,,,True,,,,,02373 169 2313,www.stadtwerke-menden.de,regional,,,
Stadtwerke Mengen,,,True,True,,,,,,,,Mittlere Straße 40,88512,Mengen
Stadtwerke Merseburg GmbH,,,,True,,,,,,,,,,
Stadtwerke Merzig GmbH,,,,True,,,,,,,,,,
Stadtwerke Metzingen,,,True,True,,,,,,,,Stuttgarter Straße 59,72555,Metzingen
Stadtwerke Mosbach GmbH,,,True,True,,,,,,,,Am Henschelberg 6,74821,Mosbach
Stadtwerke Mössingen,,,True,True,,,,,,,,Freiherr-vom-Stein-Str. 18,72116,Mössingen
Stadtwerke Mühlacker GmbH,,,True,True,,,,,,,,Danzigerstraße 13,75417,Mühlacker
Stadtwerke Mühldorf a. Inn GmbH & Co.KG,,,True,True,,,,,,,,Weserstraße 4,84453,Mühldorf a. Inn
Stadtwerke Mühlhausen GmbH,,,True,True,,,,,,,,Windeberger Landstraße 73,99974,Mühlhausen
Stadtwerke Mühlheim am Main GmbH,,,True,True,,,,,,,,Dietesheimer Straße 70,63165,Mühlheim
Stadtwerke Müllheim Staufen GmbH,,True,True,True,True,True,,True,07631 936080,www.sw-muellheimstaufen.de,,Marktstraße 1-3,79379,Müllheim
Stadtwerke Munster-Bispingen GmbH,,,True,True,,,,,,,,Rehrhofer Weg 127-133,29633,Munster
Stadtwerke Münster GmbH,True,,,True,True,True,,,0251 6941212,www.stadtwerke-muenster.de,bundesweit,,,
Stadtwerkenergie Ostwestfalen-Lippe GmbH,,,True,True,,,,,,,,Am Gelskamp 10,32758,Detmold
Stadtwerke Nettetal GmbH,,,,True,,,,,,,,,,
Stadtwerke Neuburg a. d. Donau,,,,True,,,,,,,,,,
Stadtwerke Neuenhaus GmbH,,,,True,,,,,,,,,,
Stadtwerke Neuffen AG,,,True,True,,,,,,,,Bahnhofstr. 32,72639,Neuffen
Stadtwerke Neu-Isenburg GmbH,,,True,True,,,,,,,,Schleussnerstr. 62,63263,Neu-Isenburg
Stadtwerke Neumarkt in der Oberpfalz,,,True,True,,,,,,,,Ingolstädter Straße 18,92318,Neumarkt i.d.Opf.
Stadtwerke Neunburg vorm Wald Strom GmbH,,,,True,,,,,,,,,,
Stadtwerke Neuruppin GmbH,,,True,True,,,,,,,,Heinrich-Rau-Str. 3,16816,Neuruppin
Stadtwerke Neuss Energie und Wasser GmbH,,,True,True,,,,,,,,Moselstraße 25-27,41464,Neuss
Stadtwerke Neustadt/Weinstraße GmbH,True,,,,,,,,06321 402271,www.swneustadt.de,regional,,,
Stadtwerke Neustadt am Rübenberge GmbH & Co. KG,,,True,True,,,,,,,,Herzstr. 3,31535,Neustadt a. Rgbe.
Stadtwerke Neustadt an der Aisch GmbH,,,True,True,,,,,,,,Markgrafenstrasse 24,91413,Neustadt a.d. Aisch
Stadtwerke Neustadt an der Donau,,,,True,,,,,,,,,,
Stadtwerke Neustadt an der Orla GmbH,,,True,True,,,,,,,,Ernst-Thälmann-Straße 18,07806,Neustadt an der Orla
Stadtwerke Neustadt an der Weinstraße GmbH,,,True,True,,,,,,,,Schlachthofstrasse 60,67433,Neustadt an der Weinstrasse
Stadtwerke Neustadt in Holstein,,,True,True,,,,,,,,Ziegelhof 8,23730,Neustadt
Stadtwerke Neustrelitz GmbH,,,True,True,,,,,,,,Wilhelm-Stolte-Straße 90,17235,Neustrelitz
Stadtwerke Neuwied GmbH,,,True,True,,,,,,,,Hafenstraße 90,56564,Neuwied
Stadtwerke Niebüll GmbH,,,True,,,,,,,,,Ostring 5,25899,Niebüll
Stadtwerke Niederrhein - eine Marke der Stadtwerke Goch GmbH,,,,True,,,,,,,,,,
Stadtwerke Niesky GmbH,,,,True,,,,,,,,,,
Stadtwerke Norden,,,True,True,,,,,,,,Feldstr. 10,26506,Norden
Stadtwerke Norderney GmbH,,,True,True,,,,,,,,Jann-Berghausstraße 34,26548,Norderney
Stadtwerke Norderstedt,,,True,True,,,,,,,,Heidbergstr. 101-111,22846,Norderstedt
Stadtwerke Nordfriesland,,,,True,,,,,,,,,,
Stadtwerke Nortorf AöR,,,True,True,,,,,,,,Poststr. 21,24589,Nortorf / Holstein
Stadtwerke Nürtingen GmbH,,,True,True,,,,,,,,Porschestraße 5-9,72622,Nürtingen
Stadtwerke Oberkirch GmbH,,,True,True,,,,,,,,Appenweierer Str. 54,77704,Oberkirch
Stadtwerke Oberriexingen GmbH,,,,True,,,,,,,,,,
Stadtwerke Oberursel (Taunus) GmbH,,,,True,,,,,,,,,,
Stadtwerke Ochtrup,,,,True,,,,,,,,,,
Stadtwerke OELSNITZ/V. GmbH,,,,True,,,,,,,,,,
Stadtwerke Oerlinghausen GmbH,,,,True,,,,,,,,,,
Stadtwerke Olbernhau GmbH,,,,True,,,,,,,,,,
Stadtwerke Olching GmbH,,,True,True,,,,,,,,Ilzweg 1,82140,Olching
Stadtwerke Oldenburg in Holstein GmbH,,,,True,,,,,,,,,,
Stadtwerke Oranienburg GmbH,,,True,True,,,,,,,,Klagenfurter Str. 41,16515,Oranienburg
Stadtwerke Osnabrück AG,,,True,True,,,,,,,,Alte Poststraße 9,49074,Osnabrück
Stadtwerke Ostmünsterland GmbH & Co. KG,,,,True,,,,,,,,,,
Stadtwerke Overath Energie GmbH,,,,True,,,,,,,,,,
Stadtwerke Paderborn GmbH,,,,True,,,,,,,,,,
Stadtwerke Pappenheim,,,,True,,,,,,,,,,
Stadtwerke Parchim GmbH,,,,True,,,,,,,,,,
Stadtwerke Pasewalk GmbH,,,,True,,,,,,,,,,
Stadtwerke Passau GmbH,,,True,True,,,,,,,,Regensburger Straße 29,94036,Passau
Stadtwerke Peine GmbH,,,True,True,,,,,,,,Woltorfer Str. 64,31224,Peine
Stadtwerke Pfaffenhofen a. d. Ilm,,,True,True,,,,,,,,Michael-Weingartner-Straße 11,85276,Pfaffenhofen a. d. Ilm
Stadtwerke Pfarrkirchen,,,True,True,,,,,,,,Äußere-Simbacher-Str. 7,84347,Pfarrkirchen
Stadtwerke Pfullendorf GmbH,,True,True,True,,,,,07552 251859,www.pfullendorf.de/stadtwerke,,Bahnhofstr. 6,88630,Pfullendorf
Stadtwerke Pinneberg GmbH,True,,True,True,,,,,04101 2030,www.stadtwerke-pinneberg.de,regional,Am Hafen 67,25421,Pinneberg
Stadtwerke Pirmasens Versorgungs GmbH,True,,True,True,,,,,06331 8760,www.stadtwerke-pirmasens.de,regional,An der Streckbrücke 4,66954,Pirmasens
Stadtwerke Plattling,,,,True,,,,,,,,,,
Stadtwerke Plön Versorgung GmbH,,True,True,True,,,,,04522 80 89 90,www.stadtwerke-ploen.de,,Lübecker Str. 20,24306,Plön
Stadtwerke Porta Westfalica GmbH,,,,True,,,,,,,,,,
Stadtwerke Prenzlau GmbH,,,True,True,,,,,,,,Freyschmidtstraße 20,17291,Prenzlau
Stadtwerke Pritzwalk GmbH,,,True,True,,,,,,,,Gartenstraße 8,16928,Pritzwalk
Stadtwerke Pulheim GmbH,,,True,True,,,,,,,,Christianstraße 39,50259,Pulheim
Stadtwerke Quedlinburg GmbH,,,True,True,,,,,,,,Rathenaustr. 9,06484,Quedlinburg
Stadtwerke Quickborn GmbH,,,True,True,,,,,,,,Pinneberger Str. 2,25451,Quickborn
Stadtwerke Radevormwald GmbH,,,,True,,,,,,,,,,
Stadtwerke Radolfzell GmbH,,,True,True,,,,,,,,Untertorstraße 7-9,78315,Radolfzell
Stadtwerke Ramstein-Miesenbach GmbH,,,True,True,,,,,,,,Am Neuen Markt 8,66877,Ramstein-Miesenbach
Stadtwerke Rastatt GmbH,,,True,True,,,,,,,,Markgrafenstraße 7,76437,Rastatt
Stadtwerke Ratingen GmbH,,,True,True,,,,,,,,Sandstr.36,40878,Ratingen
Stadtwerke Rees GmbH,,,,True,,,,,,,,,,
Stadtwerke Reichenbach/Vogtland GmbH,,,True,True,,,,,,,,Roßplatz 13,08468,Reichenbach
Stadtwerke Rendsburg GmbH,,,True,True,,,,,,,,Am Eiland 12,24768,Rendsburg
Stadtwerke Rhede GmbH,,,,True,,,,,,,,,,
Stadtwerke Riesa GmbH,,,,True,,,,,,,,,,
Stadtwerke Rietberg-Langenberg GmbH,,,,True,,,,,,,,,,
Stadtwerke Rinteln GmbH,,,True,True,,,,,,,,Bahnhofsweg 6,31737,Rinteln
Stadtwerke Rosenheim Versorgungs GmbH,,,True,True,,,,,,,,Bayerstraße 5,83022,Rosenheim
StadtWerke Rösrath - Energie GmbH,,True,,True,,,,,0241 1817520,www.stadtwerke-roesrath.de,,Hauptstr. 142,51503,Rösrath
Stadtwerke Rostock AG,,,True,True,,,,,,,,Schmarler Damm 5,18069,Rostock
Stadtwerke Rotenburg (Wümme) GmbH,,,True,True,,,,,,,,Mittelweg 19,27356,Rotenburg (Wümme)
Stadtwerke Roth,,,True,True,,,,,,,,Sandgasse 23,91154,Roth
Stadtwerke Röthenbach a. d. Pegnitz GmbH,,,,True,,,,,,,,,,
Stadtwerke Rothenburg o.d.T. GmbH,,,True,True,,,,,,,,Steinweg 25,91541,Rothenburg o.T.
Stadtwerke Rottenburg am Neckar GmbH,,,True,True,,,,,,,,Siebenlindenstraße 19,72108,Rottenburg am Neckar
Stadtwerke Saalfeld GmbH,,,True,True,,,,,,,,Remschützer Str. 42,07318,Saalfeld
Stadtwerke Saarlouis GmbH,,,,True,,,,,,,,,,
Stadtwerke Sangerhausen GmbH,,,,True,,,,,,,,,,
Stadtwerke Schaumburg-Lippe GmbH,,,True,True,,,,,,,,An der Gasanstalt 6,31675,Bückeburg
Stadtwerke Scheinfeld,,,True,True,,,,,,,,Karl-Lax-Str. 1,91443,Scheinfeld
Stadtwerke Schifferstadt,,,True,True,,,,,,,,Mühlstraße 18,67105,Schifferstadt
Stadtwerke Schkeuditz GmbH,,,True,True,,,,,,,,Edisonstr. 36,04435,Schkeuditz
Stadtwerke Schlitz,,,True,True,,,,,,,,An der Kirche 4,36110,Schlitz
Stadtwerke Schloß Holte-Stukenbrock,,,,True,,,,,,,,,,
Stadtwerke Schneeberg GmbH,,,,True,,,,,,,,,,
Stadtwerke Schneverdingen-Neuenkirchen GmbH,,,True,True,,,,,,,,Harburgerstr 21,29640,Schneverdingen
Stadtwerke Schönebeck GmbH,,,,True,,,,,,,,,,
Stadtwerke Schorndorf GmbH,,,True,True,,,,,,,,Augustenstraße 7,73614,Schorndorf
Stadtwerke Schramberg GmbH & Co. KG,True,,True,True,,,,,07422 95340,www.stadtwerke-schramberg.de,regional,Gustav-Maier-Straße 11,78713,Schramberg
Stadtwerke Schüttorf-Emsbüren GmbH,,,True,True,,,,,,,,Quendorfer Straße 34,48465,Schüttorf
Stadtwerke Schwabach GmbH,,,True,True,,,,,,,,Ansbacher Straße.14,91126,Schwabach
Stadtwerke Schwäbisch Gmünd GmbH,,True,True,True,,,,,07171 603 8111,www.nichtwegzudenken.de,,Bürgerstraße 5,73525,Schwäbisch Gmünd
Stadtwerke Schwäbisch Hall GmbH,,,True,True,,,,,,,,An der Limpurgbrücke 1,74523,Schwäbisch Hall
Stadtwerke Schwarzenberg GmbH,,,,True,,,,,,,,,,
Stadtwerke Schwedt GmbH,,,True,True,,,,,,,,Heinersdorfer Damm 55 - 57,16303,Schwedt/Oder
Stadtwerke Schweinfurt GmbH,,,,True,,,,,,,,,,
Stadtwerke Schwentinental GmbH,,,True,True,,,,,,,,Seebrooksberg 1,24222,Schwentinental
Stadtwerke Schwerin GmbH (SWS),,,True,True,,,,,,,,Eckdrift 43-45,19061,Schwerin
Stadtwerke Schwerte GmbH,,,,True,,,,,,,,,,
Stadtwerke Schwetzingen GmbH & Co. KG,,,True,True,,,,,,,,Scheffelstr. 16,68723,Schwetzingen
Stadtwerke Senftenberg GmbH,,,,True,,,,,,,,,,
Stadtwerke Sigmaringen,,,True,True,,,,,,,,Fürst-Wilhelm-Str.15,72488,Sigmaringen
Stadtwerke Sindelfingen GmbH,,,,True,,,,,,,,,,
Stadtwerke Soest GmbH,,,True,True,,,,,,,,Aldegreverwall 12,59494,Soest
Stadtwerke Solingen GmbH,,,True,True,,,,,,,,Beethovenstr. 210,42655,Solingen
Stadtwerke Soltau GmbH & Co. KG,,,True,True,,,,,,,,Weinberg 46,29614,Soltau
Stadtwerke Sondershausen GmbH,,,True,True,,,,,,,,Johann-Karl-Wezel-Straße 65,99706,Sondershausen
Stadtwerke Speyer GmbH,,,True,True,,,,,,,,Georg-Peter-Süß Str. 2,67346,Speyer
Stadtwerke Springe GmbH,True,,True,True,,,,,05041 640798,www.stadtwerke-springe.de,regional,Zum Oberntor 19,31832,Springe
Stadtwerke St. Ingbert GmbH,True,,,True,,,,,06894 95520,www.sw-igb.de,regional,,,
Stadtwerke Stade GmbH,,,True,True,,,,,,,,Hansestr. 18,21682,Stade
Stadtwerke Stadtoldendorf GmbH,,,,True,,,,,,,,,,
Stadtwerke Stadtroda GmbH,,,,True,,,,,,,,,,
Stadtwerke Staßfurt GmbH,,,True,True,,,,,,,,Athenslebener Weg 15,39418,Staßfurt
Stadtwerke Steinfurt GmbH,,,,True,,,,,,,,,,
Stadtwerke Stein GmbH & Co. KG,,,True,True,,,,,,,,Wilhelmstraße 5,90547,Stein
Stadtwerke Stendal GmbH,,,True,True,,,,,,,,Rathenower Str. 1,39576,Stendal
Stadtwerke Stockach GmbH,,,True,True,,,,,,,,Ablaßwiesen 8,78333,Stockach
Stadtwerke Straubing Strom und Gas GmbH,,,True,True,,,,,,,,Sedanstraße 10 - Heerstraße 43,94315,Straubing
Stadtwerke Strausberg GmbH,,,True,True,,,,,,,,Kastanienallee 38,15344,Strausberg
Stadtwerke - Strom Plauen GmbH & Co. KG,,,True,True,,,,,,,,Hammerstraße 68,08523,Plauen
Stadtwerke Suhl/Zella-Mehlis GmbH,,,True,True,,,,,,,,Fröhliche-Mann-Straße 2,98528,Suhl
Stadtwerke Sulzbach/Saar GmbH,,,,True,,,,,,,,,,
Stadtwerke Tecklenburger Land Energie GmbH,,,True,True,,,,,,,,Zechenstraße 10,49477,Ibbenbüren
Stadtwerke Teterow GmbH,,,True,True,,,,,,,,Gasstraße 26,17166,Teterow
Stadtwerke Thale GmbH,,,True,True,,,,,,,,Tunnelweg 2,06502,Thale
Stadtwerke Tirschenreuth,,,,True,,,,,,,,,,
Stadtwerke Torgau GmbH,,,True,True,,,,,,,,Fischerdörfchen 11,04860,Torgau
Stadtwerke Tornesch GmbH,,,True,True,,,,,,,,Esinger Straße 1,25436,Tornesch
Stadtwerke Traunstein GmbH & Co. KG,,,True,True,,,,,,,,Gasstrasse 37,83278,Traunstein
Stadtwerke Treuchtlingen,,,True,True,,,,,,,,Dürerstraße 26,91757,Treuchtlingen
Stadtwerke Troisdorf GmbH,,,True,True,,,,,,,,Poststr. 105,53840,Troisdorf
Stadtwerke Trostberg Stromversorgung GmbH,,,True,True,,,,,,,,Friedrich-Ebert-Str. 2,83308,Trostberg
Stadtwerke Tübingen GmbH,,,True,True,,,,,,,,Eisenhutstr.6,72072,Tübingen
Stadtwerke Tuttlingen GmbH,,,True,True,,,,,,,,Bahnhofstr. 120,78532,Tuttlingen
Stadtwerke Uelzen GmbH,,,True,True,,,,,,,,Im neuen Felde 105,29525,Uelzen
Stadtwerke Uetersen GmbH,,,,True,,,,,,,,,,
Stadtwerke Uffenheim,,,True,True,,,,,,,,Ringstraße 10,97215,Uffenheim
Stadtwerke Unna GmbH,,,True,True,,,,,,,,Heinrich-Hertz-Str. 2,59423,Unna
Stadtwerke Uslar GmbH,,,True,True,,,,,,,,Alleestr. 6-8,37170,Uslar
Stadtwerke Velbert GmbH,,,,True,,,,,,,,,,
Stadtwerke Velten GmbH,,,True,True,,,,,,,,Viktoriastr. 12,16727,Velten
Stadtwerke Verden GmbH,,,True,True,,,,,,,,Weserstraße 26,27283,Verden
Stadtwerke Versmold GmbH,,,,True,,,,,,,,,,
Stadtwerke Viernheim GmbH,,,True,True,,,,,,,,Industriestraße 2,68519,Viernheim
Stadtwerke Villingen-Schwenningen GmbH,,,True,True,,,,,,,,Pforzheimer Str. 1,78048,Villingen-Schwenningen
Stadtwerke Vilsbiburg,,,True,True,,,,,,,,Kindlmühlestraße 2,84137,Vilsbiburg
Stadtwerke Vilshofen GmbH,,,,True,,,,,,,,,,
Stadtwerke Vlotho GmbH,,,,True,,,,,,,,,,
Stadtwerke Voerde GmbH,,,,True,,,,,,,,,,
Stadtwerke Völklingen Vertrieb GmbH,,,,True,,,,,,,,,,
Stadtwerke Wachenheim,,,True,True,,,,,,,,Weinstr. 16,67157,Wachenheim
Stadtwerke Wadern GmbH,,,,True,,,,,,,,,,
Stadtwerke Waiblingen GmbH,,True,True,True,,,,,07151 131184,www.sw-muellheimstaufen.de,,Schorndorfer Straße 67,71332,Waiblingen
Stadtwerke Waldkirchen,,,,True,,,,,,,,,,
Stadtwerke Waldkirch GmbH,,True,True,True,,,,,07681 47788999,www.stadtwerke-waldkirch.de,,Fabrikstraße 15,79183,Waldkirch
Stadtwerke Waldkraiburg GmbH,,,True,True,,,,,,,,Meisenweg 1,84478,Waldkraiburg
Stadtwerke Waldmünchen,,,,True,,,,,,,,,,
Stadtwerke Waldshut-Tiengen GmbH,,,True,True,,,,,,,,Peter-Thumb-Str. 1,79761,Waldshut-Tiengen
Stadtwerke Walldorf GmbH & Co. KG,,,True,True,,,,,,,,Altrottstraße 39,69190,Walldorf
Stadtwerke Walldürn GmbH,,,,True,,,,,,,,,,
Stadtwerke Waltrop GmbH & Co. KG,,,,True,,,,,,,,,,
Stadtwerke Waren GmbH,,,,True,,,,,,,,,,
Stadtwerke Wasserburg a. Inn,,,True,True,,,,,,,,Max-Emanuel-Platz 6,83512,Wasserburg a. Inn
Stadtwerke Wedel GmbH,,,True,True,,,,,,,,Feldstraße 150,22880,Wedel
Stadtwerke Weiden i.d.OPf.,,,True,True,,,,,,,,Gaswerkstr. 20,92637,Weiden i.d.OPf.
Stadtwerke Weilburg GmbH,,,True,True,,,,,,,,Lessingstraße 6,35781,Weilburg
Stadtwerke Weilheim i.OB,,,True,True,,,,,,,,Krumpperstraße 21,82362,Weilheim i.OB
Stadtwerke Weimar Stadtversorgungs-GmbH,,,True,True,,,,,,,,Industriestraße 14,99427,Weimar
Stadtwerke Weinheim GmbH,,,True,True,,,,,,,,Breitwieserweg 5,69469,Weinheim
Stadtwerke Weinstadt,,,,True,,,,,,,,,,
Stadtwerke Weißenburg GmbH,,,True,True,,,,,,,,Schlachthofstraße 19,91781,Weißenburg / Bayern
Stadtwerke Weißenfels GmbH,,,True,True,,,,,,,,Südring 120,06667,Weißenfels
Stadtwerke Weißwasser GmbH,,,,True,,,,,,,,,,
Stadtwerke Werdau GmbH,,,True,True,,,,,,,,Zwickauer Straße 39,08412,Werdau
Stadtwerke Werl GmbH,,,,True,,,,,,,,,,
Stadtwerke Wernigerode GmbH,,,True,True,,,,,,,,Am Kupferhammer 38,38855,Wernigerode
Stadtwerke Wertheim GmbH,,,True,True,,,,,,,,Mühlenstr. 60,97877,Wertheim
Stadtwerke Wesel GmbH,,,True,True,,,,,,,,Emmericher Str. 11 - 29,46485,Wesel
Stadtwerke Weserbergland,True,,,,,,,,05151 822870,www.stadtwerke-weserbergland.de,regional,,,
Stadtwerke Weserbergland GmbH,,,True,True,,,,,,,,Hafenstraße 14,31785,Hameln
Stadtwerke Willich GmbH,,True,True,True,,,,,02154 4702280,www.stadtwerke-willich.de,,Brauereistraße 7,47877,Willich
Stadtwerke Wilster,,,True,True,,,,,,,,Klosterhof 31,25554,Wilster
Stadtwerke Windsbach,,,,True,,,,,,,,,,
Stadtwerke Winnenden GmbH,,,True,True,,,,,,,,Wiesenstr. 10,71364,Winnenden
Stadtwerke Winsen (Luhe) GmbH,,,True,True,,,,,,,,Schloßring 50,21423,Winsen (Luhe)
Stadtwerke Wismar GmbH,,,True,True,,,,,,,,Flöter Weg 6 -12,23970,Wismar
Stadtwerke Wissen GmbH,,,,True,,,,,,,,,,
Stadtwerke Wittenberge GmbH,,,,True,,,,,,,,,,
Stadtwerke Witten GmbH,,,,True,,,,,,,,,,
Stadtwerke Wolfenbüttel GmbH,,,True,True,,,,,,,,Am Wasserwerk 2,38304,Wolfenbüttel
Stadtwerke Wolfhagen GmbH,,,True,True,,,,,,,,Siemensstraße 10,34466,Wolfhagen
Stadtwerke Wolmirstedt GmbH,,,,True,,,,,,,,,,
Stadtwerke Wunstorf GmbH & Co. KG,,,,True,,,,,,,,,,
Stadtwerke Würzburg AG,,,True,True,,,,,,,,Haugerring 5,97070,Würzburg
Stadtwerke Zeil am Main,,,True,True,,,,,,,,Bamberger Str. 20,97475,Zeil a. Main
Stadtwerke Zeitz GmbH,,,True,True,,,,,,,,Geußnitzer Straße 74,06712,Zeitz
Stadtwerke Zeven GmbH,,,True,True,,,,,,,,Vitus-Platz 1,27404,Zeven
Stadtwerke Zirndorf GmbH,,,True,True,,,,,,,,Schützenstr. 12,90513,Zirndorf
Stadtwerke Zittau GmbH,,,True,True,,,,,,,,Friedensstraße 17,02763,Zittau
Stadtwerke Zweibrücken GmbH,True,,True,True,,,,,06332 8740,www.stadtwerke-zw.de,regional,Gasstraße 1,66482,Zweibrücken
Stadtwerke Zwiesel,,,True,True,,,,,,,,Fürhaupten 9,94227,Zwiesel
Stadtwerk Haßfurt GmbH,,,True,True,,,,,,,,Augsfelder Str.6,97437,Haßfurt
Stadtwerk Külsheim GmbH,,,True,True,,,,,,,,Kirchbergweg 7,97900,Külsheim
Stadtwerk Rheda-Wiedenbrück GmbH & Co. KG,,,,True,,,,,,,,,,
Stadtwerk Tauberfranken GmbH,,,True,True,,,,,,,,Max-Planck-Str. 5,97980,Bad Mergentheim
Stadtwerk Verl GmbH,,,,True,,,,,,,,,,
STAWAG Stadtwerke Aachen Aktiengesellschaft,,True,True,True,,,,,0241 1810,www.stawag.de,,Lombardenstr. 12-22,52070,Aachen
Stern Strom GmbH,,,,True,,,,,,,,,,
stm Stadtwerke Meerbusch GmbH,,,True,True,,,,,,,,Kaarster Straße 135,40670,Meerbusch
strasserauf - eine Marke der Energieversorgung Oberhausen AG,,,,True,,,,,,,,,,
STROGON GmbH,,,,True,,,,,,,,,,
Strom.Manufaktur - eine Marke der DREWAG - Stadtwerke Dresden GmbH,,,,True,,,,,,,,,,
Strom Germering GmbH,,,,True,,,,,,,,,,
Stromio GmbH,,True,True,True,,,,,Stromio Kundenservice (Festnetz) 0800 58 58 224 (mobil) 0211 777 957 10,www.gruenwelt.de/,,Girmes-Kreuz-Str. 55,41564,Kaarst
Stromversorgung Angermünde GmbH,,,,True,,,,,,,,,,
Stromversorgung der Gemeinde Hemhofen,,,True,True,,,,,,,,Blumenstraße 25,91334,Hemhofen
Stromversorgung Greding eG,,,True,True,,,,,,,,Marktplatz 9,91171,Greding
Stromversorgung Greifswald GmbH,,,True,True,,,,,,,,Gützkower Landstraße 19-21,17489,Greifswald
Stromversorgung Inzell eG,,,True,True,,,,,,,,Bauhofstr. 15,83334,Inzell
Stromversorgung Markt Egloffstein,,,,True,,,,,,,,,,
Stromversorgung Neunkirchen GmbH,True,,True,True,,,,,09123 1730,www.stwl.lauf.de,regional,Sichartstraße 49,91207,Lauf a. d. Pegnitz
Stromversorgung Ruhpolding GmbH,,,True,True,,,,,,,,Rathausstraße 12,83324,Ruhpolding
Stromversorgung Schierling eG,,,True,True,,,,,,,,Dorfmühlstraße 4,84069,Schierling
Stromversorgung Seebruck eG,,,True,True,,,,,,,,Haushofer Str. 20,83358,Seebruck am Chiemsee
Stromversorgung Sulz GmbH,,,True,True,,,,,,,,Am Markplatz 1,72172,Sulz a. N.
Stromversorgung Unterwössen Döllerer & Greimel GmbH,,,,True,,,,,,,,,,
Stromversorgung Zerbst GmbH & Co. KG,,,True,True,,,,,,,,Dessauer Str. 76,39261,Zerbst
Strom von Föhr Vertriebs-GmbH,,,True,True,,,,,,,,Buurnstrat 79,25938,Oevenum
strotög GmbH Strom für Töging,,,True,True,,,,,,,,Werkstraße 1,84513,Töging a. Inn
stuttgartENERGIE - eine Marke der Stadtwerke Stuttgart Vertriebsgesellschaft mbH,,,True,True,,,,,,,,Friedrichstraße 45,70174,Stuttgart
StWL Städtische Werke Lauf a.d. Pegnitz GmbH,True,,,True,,,,,09123 1730,www.stwl.lauf.de,regional,,,
SÜC Energie und H2O GmbH,,,,True,,,,,,,,,,
SUEnergie GmbH & Co. KG,,,,True,,,,,,,,,,
sunshine energie - eine Marke der SWR Energie . Service . Bau GmbH,,,,True,,,,,,,,,,
susiEnergie GmbH,,True,True,True,True,True,,,0800 7874123,,,Gerberstraße 7,88250,Weingarten
Süwag Vertrieb AG & Co. KG,,,True,True,,,,,,,,Schützenbleiche 9-11,65929,Frankfurt am Main
SVH Stromversorgung Haar GmbH,,,True,True,,,,,,,,Blumenstr. 3,85540,Haar
SVI - Stromversorgung Ismaning GmbH,,,True,True,,,,,,,,Mayerbacherstr. 42,85737,Ismaning
SVO Vertrieb GmbH,,,True,True,,,,,,,,Sprengerstraße 2,29223,Celle
SVS-Versorgungsbetriebe GmbH,,,True,True,,,,,,,,Von-Ardenne-Straße 8,48703,Stadtlohn
SWB Energie- und Wasserversorgung Bonn/Rhein-Sieg GmbH,,,,True,,,,,,,,,,
SWB Stadtwerke Biedenkopf GmbH,,,True,True,,,,,,,,Mühlweg 16,35216,Biedenkopf
swb Vertrieb Bremen GmbH,,,,True,,,,,,,,,,
swb Vertrieb Bremerhaven GmbH & Co. KG,,,,True,,,,,,,,,,
SWE Energie GmbH,,,,True,,,,,,,,,,
SWK Energie GmbH,,,,True,,,,,,,,,,
SWK Stadtwerke Kaiserslautern Versorgungs AG,,,True,True,,,,,,,,Bismarckstraße 14,67655,Kaiserslautern
SWM Versorgungs GmbH,,,True,True,,,,,,,,Emmy-Noether-Straße 2,80992,München
SWN Stadtwerke Neumünster GmbH,,,,True,,,,,,,,,,
SWN Stadtwerke Neustadt GmbH,,,,True,,,,,,,,,,
SWN Stadtwerke Northeim GmbH,,,True,True,,,,,,,,Am Mühlenanger 1,37154,Northeim
SWP Stadtwerke Pforzheim GmbH & Co. KG,,,True,True,,,,,,,,Sandweg 22,75179,Pforzheim
SWR Energie GmbH & Co. KG,,,,True,,,,,,,,,,
SWS Energie GmbH,,,True,True,,,,,,,,Frankendamm 7,18439,Stralsund
SWT Stadtwerke Trier Versorgungs-GmbH,,,True,True,,,,,,,,Ostallee 7-13,54290,Trier
SWU Energie GmbH,,,,True,,,,,,,,,,
SWV Regional GmbH,,,,True,,,,,,,,,,
SWW Wunsiedel GmbH,,,True,True,,,,,,,,Rot-Kreuz-Str. 6,95632,Wunsiedel
TauberEnergie Kuhn,,,True,True,,,,,,,,Engelsbergstraße 1,97980,Bad Mergentheim
TEAG Thüringer Energie AG,,,True,True,,,,,,,,Schwerborner Straße 30,99087,Erfurt
team energie GmbH & Co. KG,,,True,True,,,,,,,,team Allee 22,24392,Süderbrarup
Technische Werke der Gemeinde Losheim GmbH,,,,True,,,,,,,,,,
Technische Werke Ludwigshafen AG,,,True,True,,,,,,,,Industriestraße 3,67063,Ludwigshafen
Technische Werke Naumburg GmbH,,,,True,,,,,,,,,,
Technische Werke Osning GmbH,,,True,True,,,,,,,,Gartnischer Weg 127,33790,Halle in Westfalen
Technische Werke Schussental GmbH & Co. KG,,True,True,True,,,,,0751 8044980,www.tws.de,,Schussenstraße 22,88212,Ravensburg
Teckwerke Bürgerenergie eG,,,True,True,,,,,,,,Paradiesstr. 23 - 25,73230,Kirchheim unter Teck
Teutoburger Energie Netzwerk eG,,,True,True,,,,,,,,Höhenweg 14,49170,Hagen a.T.W
Thüga Energie GmbH,,,True,True,,,,,,,,Industriestraße 9,78224,Singen
Turbine - eine Marke der Städtischen Werke Magdeburg GmbH & Co. KG,,,True,True,,,,,,,,Am Alten Theater 1,39104,Magdeburg
TWH - Technische Werke Herbrechtingen GmbH,,,True,True,,,,,,,,Bauhofstraße 8,89542,Herbrechtingen
TWS Technische Werke der Gemeinde Saarwellingen GmbH,,,,True,,,,,,,,,,
TWS Thüringer Wärme Service GmbH,,,,True,,,,,,,,,,
Überlandwerk Eppler GmbH,,,,True,,,,,,,,,,
Überlandwerk Erding GmbH & Co. KG,,,True,True,,,,,,,,Am Gries 21,85435,Erding
Überlandwerk Krumbach GmbH,,,True,True,,,,,,,,Bahnhofstraße 4,86381,Krumbach
Überlandwerk Leinetal GmbH,,,True,True,,,,,,,,Am Eltwerk 1,31028,Gronau
Überlandwerk Rhön GmbH,,,True,True,,,,,,,,Sondheimer Str. 5,97638,Mellrichstadt
Überlandwerk Schäftersheim GmbH & Co. KG,,,True,True,,,,,,,,Klosterhof 3,97990,Weikersheim
ubitricity Gesellschaft für verteilte Energiesysteme mbH,,,,True,,,,,,,,,,
Unterfränkische Überlandzentrale Lülsfeld eG,,,True,True,,,,,,,,Schallfelder Straße 11,97511,Lülsfeld
ÜZW Energie AG,,,True,True,,,,,,,,Regensburger Straße 33,84051,Altheim
Vattenfall Europe Sales GmbH,,,True,True,,,,,,,,Überseering 12,22297,Hamburg
Verbandsgemeinde Weilerbach Elektrizitätsversorgung,,,True,True,,,,,,,,Rummelstr. 15,67685,Weilerbach
Verbandsgemeindewerk Bruchmühlbach-Miesau,,,True,True,,,,,,,,Am Rathaus 2,66892,Bruchmühlbach-Miesau
Verbandsgemeindewerk Dannstadt-Schauernheim,True,,,True,,,,,06231 4010,www.vg-werk-dannstadt-schauernheim.de,regional,,,
Verbandsgemeindewerke Dahner Felsenland,,,True,True,,,,,,,,Schulstraße 29,66994,Dahn
Verbandsgemeindewerke Dudenhofen,True,,,,,,,,06232 6560,www.vgrd.de,regional,,,
Verbandsgemeindewerke Eisenberg/Ramsen,True,,,,,,,,06351 407100,www.vgwerke-eisenberg.de,regional,,,
Verbandsgemeindewerke Enkenbach-Alsenborn,True,,True,True,,,,,06303 913124,www.enkenbach-alsenborn.de,regional,Hauptstr. 18,67677,Enkenbach-Alsenborn
Verbandsgemeindewerke Hettenleidelheim,True,,,,,,,,0621 585-2010,www.vg-h.de,regional,,,
Verbandsgemeindewerke Hochspeyer,True,,,,,,,,06305 710,www.vgw-hochspeyer.de,regional,,,
Verbands- und Gemeindewerke Rülzheim,True,,True,True,,,,,07272 70021011,www.gemeindewerke-ruelzheim.de,regional,Am Deutschordensplatz 1,76761,Rülzheim
Vereinigte Gas- und Wasserversorgung GmbH,,,True,True,,,,,,,,Ringstraße 144,33378,Rheda-Wiedenbrück
Vereinigte Stadtwerke GmbH,,,True,True,,,,,,,,Schweriner Straße 90,23909,Ratzeburg
Vereinigte Wertach-Elektrizitätswerke GmbH,,,True,True,,,,,,,,Neugablonzer Straße 21,87600,Kaufbeuren
Versorgungsbetriebe Bordesholm GmbH,,,True,True,,,,,,,,Bahnhofstr. 13,24582,Bordesholm
Versorgungsbetriebe Elbe GmbH,,,True,True,,,,,,,,Hamburger Straße 9-11,21481,Lauenburg/Elbe
Versorgungsbetriebe Hann. Münden GmbH,,,True,True,,,,,,,,Werraweg 24,34346,Hann. Münden
Versorgungsbetriebe Hoyerswerda GmbH,,,True,True,,,,,,,,Industriegelände Str. A Nr. 7,02977,Hoyerswerda
Versorgungsbetriebe Kronshagen GmbH,,,True,True,,,,,,,,Kopperpahler Allee 7,24119,Kronshagen
Versorgungsbetriebe Röttingen,,,,True,,,,,,,,,,
Versorgungsbetriebe Zellingen,,,True,True,,,,,,,,Würzburger Straße 26,97225,Zellingen
Versorgungsbetrieb Waldbüttelbrunn GmbH,,,True,True,,,,,,,,Lindenstraße 3,97297,Waldbüttelbrunn
Ver- und Entsorgungsgesellschaft mbH Sersheim,,,,True,,,,,,,,,,
Vestische Energie GmbH,,,,True,,,,,,,,,,
ViShare - in Kooperation mit der Digital Energy Solutions GmbH & Co. KG,,,,True,,,,,,,,,,
vivi-power GmbH,,,True,True,,,,,,,,Industriestraße 2,68519,Viernheim
voltera - eine Marke der Energy2day GmbH,,,,True,,,,,,,,,,
Vorarlberger Kraftwerke AG,,,True,,,,,,,,,Sedanstr. 19,88161,Lindenberg
VWS Verbundwerke Südwestsachsen GmbH,,,True,True,,,,,,,,Hartensteiner Straße 7,09350,Lichtenstein
Wadersloh Energie GmbH,,True,True,True,,,,,02523 9501888,www.wadersloh-energie.de,,Liesborner Straße 5,59329,Wadersloh
Warendorfer Energieversorgung GmbH (WEV),,,True,True,,,,,,,,Hellegraben 25,48231,Warendorf
Warsteiner Verbundgesellschaft mbH,,,,True,,,,,,,,,,
Weißachtal-Kraftwerke eG,,,True,True,,,,,,,,Kalzhofer Str. 5,87534,Oberstaufen
Wemio / WEMAG AG,True,,True,True,True,True,,,0385 7552755,www.wemag.com/,bundesweit,Obotritenring 40,19053,Schwerin
Wendelsteinbahn GmbH,,,True,True,,,,,,,,Kerschelweg 30,83098,Brannenburg
"WEP Wärme-, Energie- und Prozesstechnik GmbH",,,,True,,,,,,,,,,
Werraenergie GmbH,,,True,True,,,,,,,,August-Bebel-Straße 36-38,36433,Bad Salzungen
Werra-Strom GmbH,,,True,True,,,,,,,,Hinter dem Deich 9,37213,Witzenhausen
WestEnergie GmbH,,,True,,,,,,,,,Mühlenstraße 30,41812,Erkelenz
Westenthanner Energieversorgung GmbH,,,,True,,,,,,,,,,
Westfalen AG,,,,True,,,,,,,,,,
WestfalenWIND Strom GmbH,,,,True,,,,,,,,,,
Westfalica GmbH,,,True,True,,,,,,,,Steinstr. 9,32547,Bad Oeynhausen
WEVG Salzgitter GmbH & Co. KG,,,True,True,,,,,,,,Albert-Schweitzer-Straße 7-11,38226,Salzgitter
WIND LINE,,,,True,,,,,,,,,,
Wir Energie - eine Marke der Energiehaus Dresden eG,,,True,True,,,,,,,,Wiener Str. 114-116,01219,Dresden
Wirtschaftsbetriebe der Stadt NSHB Borkum GmbH,,,True,True,,,,,,,,Hindenburgstr. 110,26757,Borkum
WSE Energiedienstleistungen GmbH,,,,True,,,,,,,,,,
WSW Energie & Wasser AG,,,True,True,,,,,,,,Bromberger Str. 39 - 41,42281,Wuppertal
Wunderwerk AG,,,,True,,,,,,,,,,
Yello Strom GmbH,,,True,True,,,,,,,,Siegburger Straße 229,50679,Köln
ZEAG Energie AG,,,True,True,,,,,,,,Weipertstraße 41,74076,Heilbronn
Ziegler GmbH & Co. KG,,,True,True,,,,,,,,Venedig 10,77876,Kappelrodeck
Zwickauer Energieversorgung GmbH,,,True,True,,,,,,,,Bahnhofstr. 4,08056,Zwickau
